0,1,0x00,0xC0,0x00,0x00,0x16,0xBD,0x8000,0x8000,0x80
1,1,0x00,0xC0,0x00,0x00,0x16,0xBD,0x8000,0x8000,0x18
2,1,0x00,0xC0,0x00,0x18,0x16,0xBD,0x8001,0x8001,0x18
3,1,0x00,0xC0,0x00,0x18,0x16,0xBD,0x8001,0x8001,0xD8
4,1,0x00,0xC0,0x00,0x18,0x16,0xBD,0x8001,0x8001,0xD8
5,1,0x00,0xC0,0x00,0x18,0x16,0xBD,0x8001,0x8001,0xD8
6,1,0x00,0xC0,0x00,0xD8,0x16,0xBD,0x8002,0x8002,0xD8
7,1,0x00,0xC0,0x00,0xD8,0x16,0xBD,0x8002,0x8002,0x58
8,1,0x00,0xC0,0x00,0xD8,0x16,0xBD,0x8002,0x8002,0x58
9,1,0x00,0xC0,0x00,0xD8,0x16,0xBD,0x8002,0x8002,0x58
10,1,0x00,0xC0,0x00,0x58,0x16,0xBD,0x8003,0x8003,0x58
11,1,0x00,0xC0,0x00,0x58,0x16,0xBD,0x8003,0x8003,0xB8
12,1,0x00,0xC0,0x00,0x58,0x12,0xBD,0x8003,0x8003,0xB8
13,1,0x00,0xC0,0x00,0x58,0x12,0xBD,0x8003,0x8003,0xB8
14,1,0x00,0xC0,0x00,0xB8,0x12,0xBD,0x8004,0x8004,0xB8
15,1,0x00,0xC0,0x00,0xB8,0x12,0xBD,0x8004,0x8004,0xA9
16,1,0x00,0xC0,0x00,0xB8,0x12,0xBD,0x8004,0x8004,0xA9
17,1,0x00,0xC0,0x00,0xB8,0x12,0xBD,0x8004,0x8004,0xA9
18,1,0x00,0xC0,0x00,0xA9,0x12,0xBD,0x8005,0x8005,0xA9
19,1,0x00,0xC0,0x00,0xA9,0x12,0xBD,0x8005,0x8005,0x00
20,1,0x00,0xC0,0x00,0xA9,0x12,0xBD,0x8006,0x8006,0x00
21,1,0x00,0xC0,0x00,0xA9,0x12,0xBD,0x8006,0x8006,0xC9
22,1,0x00,0xC0,0x00,0xC9,0x12,0xBD,0x8007,0x8007,0xC9
23,1,0x00,0xC0,0x00,0xC9,0x12,0xBD,0x8007,0x8007,0x00
24,1,0x00,0xC0,0x00,0xC9,0x12,0xBD,0x8008,0x8008,0x00
25,1,0x00,0xC0,0x00,0xC9,0x12,0xBD,0x8008,0x8008,0xA2
26,1,0x00,0xC0,0x00,0xA2,0x13,0xBD,0x8009,0x8009,0xA2
27,1,0x00,0xC0,0x00,0xA2,0x13,0xBD,0x8009,0x8009,0x00
28,1,0x00,0x00,0x00,0xA2,0x13,0xBD,0x800A,0x800A,0x00
29,1,0x00,0x00,0x00,0xA2,0x13,0xBD,0x800A,0x800A,0xE0
30,1,0x00,0x00,0x00,0xE0,0x13,0xBD,0x800B,0x800B,0xE0
31,1,0x00,0x00,0x00,0xE0,0x13,0xBD,0x800B,0x800B,0x00
32,1,0x00,0x00,0x00,0xE0,0x13,0xBD,0x800C,0x800C,0x00
33,1,0x00,0x00,0x00,0xE0,0x13,0xBD,0x800C,0x800C,0xA0
34,1,0x00,0x00,0x00,0xA0,0x13,0xBD,0x800D,0x800D,0xA0
35,1,0x00,0x00,0x00,0xA0,0x13,0xBD,0x800D,0x800D,0x00
36,1,0x00,0x00,0x00,0xA0,0x13,0xBD,0x800E,0x800E,0x00
37,1,0x00,0x00,0x00,0xA0,0x13,0xBD,0x800E,0x800E,0xC0
38,1,0x00,0x00,0x00,0xC0,0x13,0xBD,0x800F,0x800F,0xC0
39,1,0x00,0x00,0x00,0xC0,0x13,0xBD,0x800F,0x800F,0x00
40,1,0x00,0x00,0x00,0xC0,0x13,0xBD,0x8010,0x8010,0x00
41,1,0x00,0x00,0x00,0xC0,0x13,0xBD,0x8010,0x8010,0xA9
42,1,0x00,0x00,0x00,0xA9,0x13,0xBD,0x8011,0x8011,0xA9
43,1,0x00,0x00,0x00,0xA9,0x13,0xBD,0x8011,0x8011,0x80
44,1,0x80,0x00,0x00,0xA9,0x91,0xBD,0x8012,0x8012,0x80
45,1,0x80,0x00,0x00,0xA9,0x91,0xBD,0x8012,0x8012,0xC9
46,1,0x80,0x00,0x00,0xC9,0x91,0xBD,0x8013,0x8013,0xC9
47,1,0x80,0x00,0x00,0xC9,0x91,0xBD,0x8013,0x8013,0x00
48,1,0x80,0x00,0x00,0xC9,0x91,0xBD,0x8014,0x8014,0x00
49,1,0x80,0x00,0x00,0xC9,0x91,0xBD,0x8014,0x8014,0xA2
50,1,0x80,0x00,0x00,0xA2,0x91,0xBD,0x8015,0x8015,0xA2
51,1,0x80,0x00,0x00,0xA2,0x91,0xBD,0x8015,0x8015,0x80
52,1,0x80,0x80,0x00,0xA2,0x91,0xBD,0x8016,0x8016,0x80
53,1,0x80,0x80,0x00,0xA2,0x91,0xBD,0x8016,0x8016,0xE0
54,1,0x80,0x80,0x00,0xE0,0x91,0xBD,0x8017,0x8017,0xE0
55,1,0x80,0x80,0x00,0xE0,0x91,0xBD,0x8017,0x8017,0x00
56,1,0x80,0x80,0x00,0xE0,0x91,0xBD,0x8018,0x8018,0x00
57,1,0x80,0x80,0x00,0xE0,0x91,0xBD,0x8018,0x8018,0xA0
58,1,0x80,0x80,0x00,0xA0,0x91,0xBD,0x8019,0x8019,0xA0
59,1,0x80,0x80,0x00,0xA0,0x91,0xBD,0x8019,0x8019,0x80
60,1,0x80,0x80,0x80,0xA0,0x91,0xBD,0x801A,0x801A,0x80
61,1,0x80,0x80,0x80,0xA0,0x91,0xBD,0x801A,0x801A,0xC0
62,1,0x80,0x80,0x80,0xC0,0x91,0xBD,0x801B,0x801B,0xC0
63,1,0x80,0x80,0x80,0xC0,0x91,0xBD,0x801B,0x801B,0x00
64,1,0x80,0x80,0x80,0xC0,0x91,0xBD,0x801C,0x801C,0x00
65,1,0x80,0x80,0x80,0xC0,0x91,0xBD,0x801C,0x801C,0xA9
66,1,0x80,0x80,0x80,0xA9,0x91,0xBD,0x801D,0x801D,0xA9
67,1,0x80,0x80,0x80,0xA9,0x91,0xBD,0x801D,0x801D,0x00
68,1,0x00,0x80,0x80,0xA9,0x13,0xBD,0x801E,0x801E,0x00
69,1,0x00,0x80,0x80,0xA9,0x13,0xBD,0x801E,0x801E,0xC9
70,1,0x00,0x80,0x80,0xC9,0x13,0xBD,0x801F,0x801F,0xC9
71,1,0x00,0x80,0x80,0xC9,0x13,0xBD,0x801F,0x801F,0x80
72,1,0x00,0x80,0x80,0xC9,0x13,0xBD,0x8020,0x8020,0x80
73,1,0x00,0x80,0x80,0xC9,0x13,0xBD,0x8020,0x8020,0xA2
74,1,0x00,0x80,0x80,0xA2,0x90,0xBD,0x8021,0x8021,0xA2
75,1,0x00,0x80,0x80,0xA2,0x90,0xBD,0x8021,0x8021,0x00
76,1,0x00,0x00,0x80,0xA2,0x12,0xBD,0x8022,0x8022,0x00
77,1,0x00,0x00,0x80,0xA2,0x12,0xBD,0x8022,0x8022,0xE0
78,1,0x00,0x00,0x80,0xE0,0x12,0xBD,0x8023,0x8023,0xE0
79,1,0x00,0x00,0x80,0xE0,0x12,0xBD,0x8023,0x8023,0x80
80,1,0x00,0x00,0x80,0xE0,0x12,0xBD,0x8024,0x8024,0x80
81,1,0x00,0x00,0x80,0xE0,0x12,0xBD,0x8024,0x8024,0xA0
82,1,0x00,0x00,0x80,0xA0,0x90,0xBD,0x8025,0x8025,0xA0
83,1,0x00,0x00,0x80,0xA0,0x90,0xBD,0x8025,0x8025,0x00
84,1,0x00,0x00,0x00,0xA0,0x12,0xBD,0x8026,0x8026,0x00
85,1,0x00,0x00,0x00,0xA0,0x12,0xBD,0x8026,0x8026,0xC0
86,1,0x00,0x00,0x00,0xC0,0x12,0xBD,0x8027,0x8027,0xC0
87,1,0x00,0x00,0x00,0xC0,0x12,0xBD,0x8027,0x8027,0x80
88,1,0x00,0x00,0x00,0xC0,0x12,0xBD,0x8028,0x8028,0x80
89,1,0x00,0x00,0x00,0xC0,0x12,0xBD,0x8028,0x8028,0xA9
90,1,0x00,0x00,0x00,0xA9,0x90,0xBD,0x8029,0x8029,0xA9
91,1,0x00,0x00,0x00,0xA9,0x90,0xBD,0x8029,0x8029,0x80
92,1,0x80,0x00,0x00,0xA9,0x90,0xBD,0x802A,0x802A,0x80
93,1,0x80,0x00,0x00,0xA9,0x90,0xBD,0x802A,0x802A,0xC9
94,1,0x80,0x00,0x00,0xC9,0x90,0xBD,0x802B,0x802B,0xC9
95,1,0x80,0x00,0x00,0xC9,0x90,0xBD,0x802B,0x802B,0x80
96,1,0x80,0x00,0x00,0xC9,0x90,0xBD,0x802C,0x802C,0x80
97,1,0x80,0x00,0x00,0xC9,0x90,0xBD,0x802C,0x802C,0xA2
98,1,0x80,0x00,0x00,0xA2,0x13,0xBD,0x802D,0x802D,0xA2
99,1,0x80,0x00,0x00,0xA2,0x13,0xBD,0x802D,0x802D,0x80
100,1,0x80,0x80,0x00,0xA2,0x91,0xBD,0x802E,0x802E,0x80
101,1,0x80,0x80,0x00,0xA2,0x91,0xBD,0x802E,0x802E,0xE0
102,1,0x80,0x80,0x00,0xE0,0x91,0xBD,0x802F,0x802F,0xE0
103,1,0x80,0x80,0x00,0xE0,0x91,0xBD,0x802F,0x802F,0x80
104,1,0x80,0x80,0x00,0xE0,0x91,0xBD,0x8030,0x8030,0x80
105,1,0x80,0x80,0x00,0xE0,0x91,0xBD,0x8030,0x8030,0xA0
106,1,0x80,0x80,0x00,0xA0,0x13,0xBD,0x8031,0x8031,0xA0
107,1,0x80,0x80,0x00,0xA0,0x13,0xBD,0x8031,0x8031,0x80
108,1,0x80,0x80,0x80,0xA0,0x91,0xBD,0x8032,0x8032,0x80
109,1,0x80,0x80,0x80,0xA0,0x91,0xBD,0x8032,0x8032,0xC0
110,1,0x80,0x80,0x80,0xC0,0x91,0xBD,0x8033,0x8033,0xC0
111,1,0x80,0x80,0x80,0xC0,0x91,0xBD,0x8033,0x8033,0x80
112,1,0x80,0x80,0x80,0xC0,0x91,0xBD,0x8034,0x8034,0x80
113,1,0x80,0x80,0x80,0xC0,0x91,0xBD,0x8034,0x8034,0xA9
114,1,0x80,0x80,0x80,0xA9,0x13,0xBD,0x8035,0x8035,0xA9
115,1,0x80,0x80,0x80,0xA9,0x13,0xBD,0x8035,0x8035,0x40
116,1,0x40,0x80,0x80,0xA9,0x11,0xBD,0x8036,0x8036,0x40
117,1,0x40,0x80,0x80,0xA9,0x11,0xBD,0x8036,0x8036,0xC9
118,1,0x40,0x80,0x80,0xC9,0x11,0xBD,0x8037,0x8037,0xC9
119,1,0x40,0x80,0x80,0xC9,0x11,0xBD,0x8037,0x8037,0x00
120,1,0x40,0x80,0x80,0xC9,0x11,0xBD,0x8038,0x8038,0x00
121,1,0x40,0x80,0x80,0xC9,0x11,0xBD,0x8038,0x8038,0xA2
122,1,0x40,0x80,0x80,0xA2,0x11,0xBD,0x8039,0x8039,0xA2
123,1,0x40,0x80,0x80,0xA2,0x11,0xBD,0x8039,0x8039,0x40
124,1,0x40,0x40,0x80,0xA2,0x11,0xBD,0x803A,0x803A,0x40
125,1,0x40,0x40,0x80,0xA2,0x11,0xBD,0x803A,0x803A,0xE0
126,1,0x40,0x40,0x80,0xE0,0x11,0xBD,0x803B,0x803B,0xE0
127,1,0x40,0x40,0x80,0xE0,0x11,0xBD,0x803B,0x803B,0x00
128,1,0x40,0x40,0x80,0xE0,0x11,0xBD,0x803C,0x803C,0x00
129,1,0x40,0x40,0x80,0xE0,0x11,0xBD,0x803C,0x803C,0xA0
130,1,0x40,0x40,0x80,0xA0,0x11,0xBD,0x803D,0x803D,0xA0
131,1,0x40,0x40,0x80,0xA0,0x11,0xBD,0x803D,0x803D,0x40
132,1,0x40,0x40,0x40,0xA0,0x11,0xBD,0x803E,0x803E,0x40
133,1,0x40,0x40,0x40,0xA0,0x11,0xBD,0x803E,0x803E,0xC0
134,1,0x40,0x40,0x40,0xC0,0x11,0xBD,0x803F,0x803F,0xC0
135,1,0x40,0x40,0x40,0xC0,0x11,0xBD,0x803F,0x803F,0x00
136,1,0x40,0x40,0x40,0xC0,0x11,0xBD,0x8040,0x8040,0x00
137,1,0x40,0x40,0x40,0xC0,0x11,0xBD,0x8040,0x8040,0xA9
138,1,0x40,0x40,0x40,0xA9,0x11,0xBD,0x8041,0x8041,0xA9
139,1,0x40,0x40,0x40,0xA9,0x11,0xBD,0x8041,0x8041,0x00
140,1,0x00,0x40,0x40,0xA9,0x13,0xBD,0x8042,0x8042,0x00
141,1,0x00,0x40,0x40,0xA9,0x13,0xBD,0x8042,0x8042,0xC9
142,1,0x00,0x40,0x40,0xC9,0x13,0xBD,0x8043,0x8043,0xC9
143,1,0x00,0x40,0x40,0xC9,0x13,0xBD,0x8043,0x8043,0x40
144,1,0x00,0x40,0x40,0xC9,0x13,0xBD,0x8044,0x8044,0x40
145,1,0x00,0x40,0x40,0xC9,0x13,0xBD,0x8044,0x8044,0xA2
146,1,0x00,0x40,0x40,0xA2,0x90,0xBD,0x8045,0x8045,0xA2
147,1,0x00,0x40,0x40,0xA2,0x90,0xBD,0x8045,0x8045,0x00
148,1,0x00,0x00,0x40,0xA2,0x12,0xBD,0x8046,0x8046,0x00
149,1,0x00,0x00,0x40,0xA2,0x12,0xBD,0x8046,0x8046,0xE0
150,1,0x00,0x00,0x40,0xE0,0x12,0xBD,0x8047,0x8047,0xE0
151,1,0x00,0x00,0x40,0xE0,0x12,0xBD,0x8047,0x8047,0x40
152,1,0x00,0x00,0x40,0xE0,0x12,0xBD,0x8048,0x8048,0x40
153,1,0x00,0x00,0x40,0xE0,0x12,0xBD,0x8048,0x8048,0xA0
154,1,0x00,0x00,0x40,0xA0,0x90,0xBD,0x8049,0x8049,0xA0
155,1,0x00,0x00,0x40,0xA0,0x90,0xBD,0x8049,0x8049,0x00
156,1,0x00,0x00,0x00,0xA0,0x12,0xBD,0x804A,0x804A,0x00
157,1,0x00,0x00,0x00,0xA0,0x12,0xBD,0x804A,0x804A,0xC0
158,1,0x00,0x00,0x00,0xC0,0x12,0xBD,0x804B,0x804B,0xC0
159,1,0x00,0x00,0x00,0xC0,0x12,0xBD,0x804B,0x804B,0x40
160,1,0x00,0x00,0x00,0xC0,0x12,0xBD,0x804C,0x804C,0x40
161,1,0x00,0x00,0x00,0xC0,0x12,0xBD,0x804C,0x804C,0xA9
162,1,0x00,0x00,0x00,0xA9,0x90,0xBD,0x804D,0x804D,0xA9
163,1,0x00,0x00,0x00,0xA9,0x90,0xBD,0x804D,0x804D,0x00
164,1,0x00,0x00,0x00,0xA9,0x12,0xBD,0x804E,0x804E,0x00
165,1,0x00,0x00,0x00,0xA9,0x12,0xBD,0x804E,0x804E,0x85
166,1,0x00,0x00,0x00,0x85,0x12,0xBD,0x804F,0x804F,0x85
167,1,0x00,0x00,0x00,0x85,0x12,0xBD,0x804F,0x804F,0x05
168,0,0x00,0x00,0x00,0x85,0x12,0xBD,0x8050,0x0005,0x05
169,0,0x00,0x00,0x00,0x85,0x12,0xBD,0x8050,0x0005,0x00
170,1,0x00,0x00,0x00,0x85,0x12,0xBD,0x8050,0x8050,0x05
171,1,0x00,0x00,0x00,0x85,0x12,0xBD,0x8050,0x8050,0xA9
172,1,0x00,0x00,0x00,0xA9,0x12,0xBD,0x8051,0x8051,0xA9
173,1,0x00,0x00,0x00,0xA9,0x12,0xBD,0x8051,0x8051,0x00
174,1,0x00,0x00,0x00,0xA9,0x12,0xBD,0x8052,0x8052,0x00
175,1,0x00,0x00,0x00,0xA9,0x12,0xBD,0x8052,0x8052,0xC5
176,1,0x00,0x00,0x00,0xC5,0x12,0xBD,0x8053,0x8053,0xC5
177,1,0x00,0x00,0x00,0xC5,0x12,0xBD,0x8053,0x8053,0x05
178,1,0x00,0x00,0x00,0xC5,0x12,0xBD,0x8054,0x0005,0x05
179,1,0x00,0x00,0x00,0xC5,0x12,0xBD,0x8054,0x0005,0x00
180,1,0x00,0x00,0x00,0xC5,0x12,0xBD,0x8054,0x8054,0x00
181,1,0x00,0x00,0x00,0xC5,0x12,0xBD,0x8054,0x8054,0xA2
182,1,0x00,0x00,0x00,0xA2,0x13,0xBD,0x8055,0x8055,0xA2
183,1,0x00,0x00,0x00,0xA2,0x13,0xBD,0x8055,0x8055,0x00
184,1,0x00,0x00,0x00,0xA2,0x13,0xBD,0x8056,0x8056,0x00
185,1,0x00,0x00,0x00,0xA2,0x13,0xBD,0x8056,0x8056,0xE4
186,1,0x00,0x00,0x00,0xE4,0x13,0xBD,0x8057,0x8057,0xE4
187,1,0x00,0x00,0x00,0xE4,0x13,0xBD,0x8057,0x8057,0x05
188,1,0x00,0x00,0x00,0xE4,0x13,0xBD,0x8058,0x0005,0x05
189,1,0x00,0x00,0x00,0xE4,0x13,0xBD,0x8058,0x0005,0x00
190,1,0x00,0x00,0x00,0xE4,0x13,0xBD,0x8058,0x8058,0x00
191,1,0x00,0x00,0x00,0xE4,0x13,0xBD,0x8058,0x8058,0xA0
192,1,0x00,0x00,0x00,0xA0,0x13,0xBD,0x8059,0x8059,0xA0
193,1,0x00,0x00,0x00,0xA0,0x13,0xBD,0x8059,0x8059,0x00
194,1,0x00,0x00,0x00,0xA0,0x13,0xBD,0x805A,0x805A,0x00
195,1,0x00,0x00,0x00,0xA0,0x13,0xBD,0x805A,0x805A,0xC4
196,1,0x00,0x00,0x00,0xC4,0x13,0xBD,0x805B,0x805B,0xC4
197,1,0x00,0x00,0x00,0xC4,0x13,0xBD,0x805B,0x805B,0x05
198,1,0x00,0x00,0x00,0xC4,0x13,0xBD,0x805C,0x0005,0x05
199,1,0x00,0x00,0x00,0xC4,0x13,0xBD,0x805C,0x0005,0x00
200,1,0x00,0x00,0x00,0xC4,0x13,0xBD,0x805C,0x805C,0x00
201,1,0x00,0x00,0x00,0xC4,0x13,0xBD,0x805C,0x805C,0xA9
202,1,0x00,0x00,0x00,0xA9,0x13,0xBD,0x805D,0x805D,0xA9
203,1,0x00,0x00,0x00,0xA9,0x13,0xBD,0x805D,0x805D,0x80
204,1,0x80,0x00,0x00,0xA9,0x91,0xBD,0x805E,0x805E,0x80
205,1,0x80,0x00,0x00,0xA9,0x91,0xBD,0x805E,0x805E,0xC5
206,1,0x80,0x00,0x00,0xC5,0x91,0xBD,0x805F,0x805F,0xC5
207,1,0x80,0x00,0x00,0xC5,0x91,0xBD,0x805F,0x805F,0x05
208,1,0x80,0x00,0x00,0xC5,0x91,0xBD,0x8060,0x0005,0x05
209,1,0x80,0x00,0x00,0xC5,0x91,0xBD,0x8060,0x0005,0x00
210,1,0x80,0x00,0x00,0xC5,0x91,0xBD,0x8060,0x8060,0x00
211,1,0x80,0x00,0x00,0xC5,0x91,0xBD,0x8060,0x8060,0xA2
212,1,0x80,0x00,0x00,0xA2,0x91,0xBD,0x8061,0x8061,0xA2
213,1,0x80,0x00,0x00,0xA2,0x91,0xBD,0x8061,0x8061,0x80
214,1,0x80,0x80,0x00,0xA2,0x91,0xBD,0x8062,0x8062,0x80
215,1,0x80,0x80,0x00,0xA2,0x91,0xBD,0x8062,0x8062,0xE4
216,1,0x80,0x80,0x00,0xE4,0x91,0xBD,0x8063,0x8063,0xE4
217,1,0x80,0x80,0x00,0xE4,0x91,0xBD,0x8063,0x8063,0x05
218,1,0x80,0x80,0x00,0xE4,0x91,0xBD,0x8064,0x0005,0x05
219,1,0x80,0x80,0x00,0xE4,0x91,0xBD,0x8064,0x0005,0x00
220,1,0x80,0x80,0x00,0xE4,0x91,0xBD,0x8064,0x8064,0x00
221,1,0x80,0x80,0x00,0xE4,0x91,0xBD,0x8064,0x8064,0xA0
222,1,0x80,0x80,0x00,0xA0,0x91,0xBD,0x8065,0x8065,0xA0
223,1,0x80,0x80,0x00,0xA0,0x91,0xBD,0x8065,0x8065,0x80
224,1,0x80,0x80,0x80,0xA0,0x91,0xBD,0x8066,0x8066,0x80
225,1,0x80,0x80,0x80,0xA0,0x91,0xBD,0x8066,0x8066,0xC4
226,1,0x80,0x80,0x80,0xC4,0x91,0xBD,0x8067,0x8067,0xC4
227,1,0x80,0x80,0x80,0xC4,0x91,0xBD,0x8067,0x8067,0x05
228,1,0x80,0x80,0x80,0xC4,0x91,0xBD,0x8068,0x0005,0x05
229,1,0x80,0x80,0x80,0xC4,0x91,0xBD,0x8068,0x0005,0x00
230,1,0x80,0x80,0x80,0xC4,0x91,0xBD,0x8068,0x8068,0x00
231,1,0x80,0x80,0x80,0xC4,0x91,0xBD,0x8068,0x8068,0xA9
232,1,0x80,0x80,0x80,0xA9,0x91,0xBD,0x8069,0x8069,0xA9
233,1,0x80,0x80,0x80,0xA9,0x91,0xBD,0x8069,0x8069,0x80
234,1,0x80,0x80,0x80,0xA9,0x91,0xBD,0x806A,0x806A,0x80
235,1,0x80,0x80,0x80,0xA9,0x91,0xBD,0x806A,0x806A,0x85
236,1,0x80,0x80,0x80,0x85,0x91,0xBD,0x806B,0x806B,0x85
237,1,0x80,0x80,0x80,0x85,0x91,0xBD,0x806B,0x806B,0x05
238,0,0x80,0x80,0x80,0x85,0x91,0xBD,0x806C,0x0005,0x05
239,0,0x80,0x80,0x80,0x85,0x91,0xBD,0x806C,0x0005,0x80
240,1,0x80,0x80,0x80,0x85,0x91,0xBD,0x806C,0x806C,0x05
241,1,0x80,0x80,0x80,0x85,0x91,0xBD,0x806C,0x806C,0xA9
242,1,0x80,0x80,0x80,0xA9,0x91,0xBD,0x806D,0x806D,0xA9
243,1,0x80,0x80,0x80,0xA9,0x91,0xBD,0x806D,0x806D,0x00
244,1,0x00,0x80,0x80,0xA9,0x13,0xBD,0x806E,0x806E,0x00
245,1,0x00,0x80,0x80,0xA9,0x13,0xBD,0x806E,0x806E,0xC5
246,1,0x00,0x80,0x80,0xC5,0x13,0xBD,0x806F,0x806F,0xC5
247,1,0x00,0x80,0x80,0xC5,0x13,0xBD,0x806F,0x806F,0x05
248,1,0x00,0x80,0x80,0xC5,0x13,0xBD,0x8070,0x0005,0x05
249,1,0x00,0x80,0x80,0xC5,0x13,0xBD,0x8070,0x0005,0x80
250,1,0x00,0x80,0x80,0xC5,0x13,0xBD,0x8070,0x8070,0x80
251,1,0x00,0x80,0x80,0xC5,0x13,0xBD,0x8070,0x8070,0xA2
252,1,0x00,0x80,0x80,0xA2,0x90,0xBD,0x8071,0x8071,0xA2
253,1,0x00,0x80,0x80,0xA2,0x90,0xBD,0x8071,0x8071,0x00
254,1,0x00,0x00,0x80,0xA2,0x12,0xBD,0x8072,0x8072,0x00
255,1,0x00,0x00,0x80,0xA2,0x12,0xBD,0x8072,0x8072,0xE4
256,1,0x00,0x00,0x80,0xE4,0x12,0xBD,0x8073,0x8073,0xE4
257,1,0x00,0x00,0x80,0xE4,0x12,0xBD,0x8073,0x8073,0x05
258,1,0x00,0x00,0x80,0xE4,0x12,0xBD,0x8074,0x0005,0x05
259,1,0x00,0x00,0x80,0xE4,0x12,0xBD,0x8074,0x0005,0x80
260,1,0x00,0x00,0x80,0xE4,0x12,0xBD,0x8074,0x8074,0x80
261,1,0x00,0x00,0x80,0xE4,0x12,0xBD,0x8074,0x8074,0xA0
262,1,0x00,0x00,0x80,0xA0,0x90,0xBD,0x8075,0x8075,0xA0
263,1,0x00,0x00,0x80,0xA0,0x90,0xBD,0x8075,0x8075,0x00
264,1,0x00,0x00,0x00,0xA0,0x12,0xBD,0x8076,0x8076,0x00
265,1,0x00,0x00,0x00,0xA0,0x12,0xBD,0x8076,0x8076,0xC4
266,1,0x00,0x00,0x00,0xC4,0x12,0xBD,0x8077,0x8077,0xC4
267,1,0x00,0x00,0x00,0xC4,0x12,0xBD,0x8077,0x8077,0x05
268,1,0x00,0x00,0x00,0xC4,0x12,0xBD,0x8078,0x0005,0x05
269,1,0x00,0x00,0x00,0xC4,0x12,0xBD,0x8078,0x0005,0x80
270,1,0x00,0x00,0x00,0xC4,0x12,0xBD,0x8078,0x8078,0x80
271,1,0x00,0x00,0x00,0xC4,0x12,0xBD,0x8078,0x8078,0xA9
272,1,0x00,0x00,0x00,0xA9,0x90,0xBD,0x8079,0x8079,0xA9
273,1,0x00,0x00,0x00,0xA9,0x90,0xBD,0x8079,0x8079,0x80
274,1,0x80,0x00,0x00,0xA9,0x90,0xBD,0x807A,0x807A,0x80
275,1,0x80,0x00,0x00,0xA9,0x90,0xBD,0x807A,0x807A,0xC5
276,1,0x80,0x00,0x00,0xC5,0x90,0xBD,0x807B,0x807B,0xC5
277,1,0x80,0x00,0x00,0xC5,0x90,0xBD,0x807B,0x807B,0x05
278,1,0x80,0x00,0x00,0xC5,0x90,0xBD,0x807C,0x0005,0x05
279,1,0x80,0x00,0x00,0xC5,0x90,0xBD,0x807C,0x0005,0x80
280,1,0x80,0x00,0x00,0xC5,0x90,0xBD,0x807C,0x807C,0x80
281,1,0x80,0x00,0x00,0xC5,0x90,0xBD,0x807C,0x807C,0xA2
282,1,0x80,0x00,0x00,0xA2,0x13,0xBD,0x807D,0x807D,0xA2
283,1,0x80,0x00,0x00,0xA2,0x13,0xBD,0x807D,0x807D,0x80
284,1,0x80,0x80,0x00,0xA2,0x91,0xBD,0x807E,0x807E,0x80
285,1,0x80,0x80,0x00,0xA2,0x91,0xBD,0x807E,0x807E,0xE4
286,1,0x80,0x80,0x00,0xE4,0x91,0xBD,0x807F,0x807F,0xE4
287,1,0x80,0x80,0x00,0xE4,0x91,0xBD,0x807F,0x807F,0x05
288,1,0x80,0x80,0x00,0xE4,0x91,0xBD,0x8080,0x0005,0x05
289,1,0x80,0x80,0x00,0xE4,0x91,0xBD,0x8080,0x0005,0x80
290,1,0x80,0x80,0x00,0xE4,0x91,0xBD,0x8080,0x8080,0x80
291,1,0x80,0x80,0x00,0xE4,0x91,0xBD,0x8080,0x8080,0xA0
292,1,0x80,0x80,0x00,0xA0,0x13,0xBD,0x8081,0x8081,0xA0
293,1,0x80,0x80,0x00,0xA0,0x13,0xBD,0x8081,0x8081,0x80
294,1,0x80,0x80,0x80,0xA0,0x91,0xBD,0x8082,0x8082,0x80
295,1,0x80,0x80,0x80,0xA0,0x91,0xBD,0x8082,0x8082,0xC4
296,1,0x80,0x80,0x80,0xC4,0x91,0xBD,0x8083,0x8083,0xC4
297,1,0x80,0x80,0x80,0xC4,0x91,0xBD,0x8083,0x8083,0x05
298,1,0x80,0x80,0x80,0xC4,0x91,0xBD,0x8084,0x0005,0x05
299,1,0x80,0x80,0x80,0xC4,0x91,0xBD,0x8084,0x0005,0x80
300,1,0x80,0x80,0x80,0xC4,0x91,0xBD,0x8084,0x8084,0x80
301,1,0x80,0x80,0x80,0xC4,0x91,0xBD,0x8084,0x8084,0xA9
302,1,0x80,0x80,0x80,0xA9,0x13,0xBD,0x8085,0x8085,0xA9
303,1,0x80,0x80,0x80,0xA9,0x13,0xBD,0x8085,0x8085,0x00
304,1,0x00,0x80,0x80,0xA9,0x13,0xBD,0x8086,0x8086,0x00
305,1,0x00,0x80,0x80,0xA9,0x13,0xBD,0x8086,0x8086,0x85
306,1,0x00,0x80,0x80,0x85,0x13,0xBD,0x8087,0x8087,0x85
307,1,0x00,0x80,0x80,0x85,0x13,0xBD,0x8087,0x8087,0x05
308,0,0x00,0x80,0x80,0x85,0x13,0xBD,0x8088,0x0005,0x05
309,0,0x00,0x80,0x80,0x85,0x13,0xBD,0x8088,0x0005,0x00
310,1,0x00,0x80,0x80,0x85,0x13,0xBD,0x8088,0x8088,0x05
311,1,0x00,0x80,0x80,0x85,0x13,0xBD,0x8088,0x8088,0xA9
312,1,0x00,0x80,0x80,0xA9,0x13,0xBD,0x8089,0x8089,0xA9
313,1,0x00,0x80,0x80,0xA9,0x13,0xBD,0x8089,0x8089,0x40
314,1,0x40,0x80,0x80,0xA9,0x11,0xBD,0x808A,0x808A,0x40
315,1,0x40,0x80,0x80,0xA9,0x11,0xBD,0x808A,0x808A,0xC5
316,1,0x40,0x80,0x80,0xC5,0x11,0xBD,0x808B,0x808B,0xC5
317,1,0x40,0x80,0x80,0xC5,0x11,0xBD,0x808B,0x808B,0x05
318,1,0x40,0x80,0x80,0xC5,0x11,0xBD,0x808C,0x0005,0x05
319,1,0x40,0x80,0x80,0xC5,0x11,0xBD,0x808C,0x0005,0x00
320,1,0x40,0x80,0x80,0xC5,0x11,0xBD,0x808C,0x808C,0x00
321,1,0x40,0x80,0x80,0xC5,0x11,0xBD,0x808C,0x808C,0xA2
322,1,0x40,0x80,0x80,0xA2,0x11,0xBD,0x808D,0x808D,0xA2
323,1,0x40,0x80,0x80,0xA2,0x11,0xBD,0x808D,0x808D,0x40
324,1,0x40,0x40,0x80,0xA2,0x11,0xBD,0x808E,0x808E,0x40
325,1,0x40,0x40,0x80,0xA2,0x11,0xBD,0x808E,0x808E,0xE4
326,1,0x40,0x40,0x80,0xE4,0x11,0xBD,0x808F,0x808F,0xE4
327,1,0x40,0x40,0x80,0xE4,0x11,0xBD,0x808F,0x808F,0x05
328,1,0x40,0x40,0x80,0xE4,0x11,0xBD,0x8090,0x0005,0x05
329,1,0x40,0x40,0x80,0xE4,0x11,0xBD,0x8090,0x0005,0x00
330,1,0x40,0x40,0x80,0xE4,0x11,0xBD,0x8090,0x8090,0x00
331,1,0x40,0x40,0x80,0xE4,0x11,0xBD,0x8090,0x8090,0xA0
332,1,0x40,0x40,0x80,0xA0,0x11,0xBD,0x8091,0x8091,0xA0
333,1,0x40,0x40,0x80,0xA0,0x11,0xBD,0x8091,0x8091,0x40
334,1,0x40,0x40,0x40,0xA0,0x11,0xBD,0x8092,0x8092,0x40
335,1,0x40,0x40,0x40,0xA0,0x11,0xBD,0x8092,0x8092,0xC4
336,1,0x40,0x40,0x40,0xC4,0x11,0xBD,0x8093,0x8093,0xC4
337,1,0x40,0x40,0x40,0xC4,0x11,0xBD,0x8093,0x8093,0x05
338,1,0x40,0x40,0x40,0xC4,0x11,0xBD,0x8094,0x0005,0x05
339,1,0x40,0x40,0x40,0xC4,0x11,0xBD,0x8094,0x0005,0x00
340,1,0x40,0x40,0x40,0xC4,0x11,0xBD,0x8094,0x8094,0x00
341,1,0x40,0x40,0x40,0xC4,0x11,0xBD,0x8094,0x8094,0xA9
342,1,0x40,0x40,0x40,0xA9,0x11,0xBD,0x8095,0x8095,0xA9
343,1,0x40,0x40,0x40,0xA9,0x11,0xBD,0x8095,0x8095,0x40
344,1,0x40,0x40,0x40,0xA9,0x11,0xBD,0x8096,0x8096,0x40
345,1,0x40,0x40,0x40,0xA9,0x11,0xBD,0x8096,0x8096,0x85
346,1,0x40,0x40,0x40,0x85,0x11,0xBD,0x8097,0x8097,0x85
347,1,0x40,0x40,0x40,0x85,0x11,0xBD,0x8097,0x8097,0x05
348,0,0x40,0x40,0x40,0x85,0x11,0xBD,0x8098,0x0005,0x05
349,0,0x40,0x40,0x40,0x85,0x11,0xBD,0x8098,0x0005,0x40
350,1,0x40,0x40,0x40,0x85,0x11,0xBD,0x8098,0x8098,0x05
351,1,0x40,0x40,0x40,0x85,0x11,0xBD,0x8098,0x8098,0xA9
352,1,0x40,0x40,0x40,0xA9,0x11,0xBD,0x8099,0x8099,0xA9
353,1,0x40,0x40,0x40,0xA9,0x11,0xBD,0x8099,0x8099,0x00
354,1,0x00,0x40,0x40,0xA9,0x13,0xBD,0x809A,0x809A,0x00
355,1,0x00,0x40,0x40,0xA9,0x13,0xBD,0x809A,0x809A,0xC5
356,1,0x00,0x40,0x40,0xC5,0x13,0xBD,0x809B,0x809B,0xC5
357,1,0x00,0x40,0x40,0xC5,0x13,0xBD,0x809B,0x809B,0x05
358,1,0x00,0x40,0x40,0xC5,0x13,0xBD,0x809C,0x0005,0x05
359,1,0x00,0x40,0x40,0xC5,0x13,0xBD,0x809C,0x0005,0x40
360,1,0x00,0x40,0x40,0xC5,0x13,0xBD,0x809C,0x809C,0x40
361,1,0x00,0x40,0x40,0xC5,0x13,0xBD,0x809C,0x809C,0xA2
362,1,0x00,0x40,0x40,0xA2,0x90,0xBD,0x809D,0x809D,0xA2
363,1,0x00,0x40,0x40,0xA2,0x90,0xBD,0x809D,0x809D,0x00
364,1,0x00,0x00,0x40,0xA2,0x12,0xBD,0x809E,0x809E,0x00
365,1,0x00,0x00,0x40,0xA2,0x12,0xBD,0x809E,0x809E,0xE4
366,1,0x00,0x00,0x40,0xE4,0x12,0xBD,0x809F,0x809F,0xE4
367,1,0x00,0x00,0x40,0xE4,0x12,0xBD,0x809F,0x809F,0x05
368,1,0x00,0x00,0x40,0xE4,0x12,0xBD,0x80A0,0x0005,0x05
369,1,0x00,0x00,0x40,0xE4,0x12,0xBD,0x80A0,0x0005,0x40
370,1,0x00,0x00,0x40,0xE4,0x12,0xBD,0x80A0,0x80A0,0x40
371,1,0x00,0x00,0x40,0xE4,0x12,0xBD,0x80A0,0x80A0,0xA0
372,1,0x00,0x00,0x40,0xA0,0x90,0xBD,0x80A1,0x80A1,0xA0
373,1,0x00,0x00,0x40,0xA0,0x90,0xBD,0x80A1,0x80A1,0x00
374,1,0x00,0x00,0x00,0xA0,0x12,0xBD,0x80A2,0x80A2,0x00
375,1,0x00,0x00,0x00,0xA0,0x12,0xBD,0x80A2,0x80A2,0xC4
376,1,0x00,0x00,0x00,0xC4,0x12,0xBD,0x80A3,0x80A3,0xC4
377,1,0x00,0x00,0x00,0xC4,0x12,0xBD,0x80A3,0x80A3,0x05
378,1,0x00,0x00,0x00,0xC4,0x12,0xBD,0x80A4,0x0005,0x05
379,1,0x00,0x00,0x00,0xC4,0x12,0xBD,0x80A4,0x0005,0x40
380,1,0x00,0x00,0x00,0xC4,0x12,0xBD,0x80A4,0x80A4,0x40
381,1,0x00,0x00,0x00,0xC4,0x12,0xBD,0x80A4,0x80A4,0xA9
382,1,0x00,0x00,0x00,0xA9,0x90,0xBD,0x80A5,0x80A5,0xA9
383,1,0x00,0x00,0x00,0xA9,0x90,0xBD,0x80A5,0x80A5,0x00
384,1,0x00,0x00,0x00,0xA9,0x12,0xBD,0x80A6,0x80A6,0x00
385,1,0x00,0x00,0x00,0xA9,0x12,0xBD,0x80A6,0x80A6,0x85
386,1,0x00,0x00,0x00,0x85,0x12,0xBD,0x80A7,0x80A7,0x85
387,1,0x00,0x00,0x00,0x85,0x12,0xBD,0x80A7,0x80A7,0x05
388,0,0x00,0x00,0x00,0x85,0x12,0xBD,0x80A8,0x0005,0x05
389,0,0x00,0x00,0x00,0x85,0x12,0xBD,0x80A8,0x0005,0x00
390,1,0x00,0x00,0x00,0x85,0x12,0xBD,0x80A8,0x80A8,0x05
391,1,0x00,0x00,0x00,0x85,0x12,0xBD,0x80A8,0x80A8,0xA9
392,1,0x00,0x00,0x00,0xA9,0x12,0xBD,0x80A9,0x80A9,0xA9
393,1,0x00,0x00,0x00,0xA9,0x12,0xBD,0x80A9,0x80A9,0x00
394,1,0x00,0x00,0x00,0xA9,0x12,0xBD,0x80AA,0x80AA,0x00
395,1,0x00,0x00,0x00,0xA9,0x12,0xBD,0x80AA,0x80AA,0x8D
396,1,0x00,0x00,0x00,0x8D,0x12,0xBD,0x80AB,0x80AB,0x8D
397,1,0x00,0x00,0x00,0x8D,0x12,0xBD,0x80AB,0x80AB,0x05
398,1,0x00,0x00,0x00,0x8D,0x12,0xBD,0x80AC,0x80AC,0x05
399,1,0x00,0x00,0x00,0x8D,0x12,0xBD,0x80AC,0x80AC,0x50
400,0,0x00,0x00,0x00,0x8D,0x12,0xBD,0x80AD,0x5005,0x50
401,0,0x00,0x00,0x00,0x8D,0x12,0xBD,0x80AD,0x5005,0x00
402,1,0x00,0x00,0x00,0x8D,0x12,0xBD,0x80AD,0x80AD,0x50
403,1,0x00,0x00,0x00,0x8D,0x12,0xBD,0x80AD,0x80AD,0xA9
404,1,0x00,0x00,0x00,0xA9,0x12,0xBD,0x80AE,0x80AE,0xA9
405,1,0x00,0x00,0x00,0xA9,0x12,0xBD,0x80AE,0x80AE,0x00
406,1,0x00,0x00,0x00,0xA9,0x12,0xBD,0x80AF,0x80AF,0x00
407,1,0x00,0x00,0x00,0xA9,0x12,0xBD,0x80AF,0x80AF,0xCD
408,1,0x00,0x00,0x00,0xCD,0x12,0xBD,0x80B0,0x80B0,0xCD
409,1,0x00,0x00,0x00,0xCD,0x12,0xBD,0x80B0,0x80B0,0x05
410,1,0x00,0x00,0x00,0xCD,0x12,0xBD,0x80B1,0x80B1,0x05
411,1,0x00,0x00,0x00,0xCD,0x12,0xBD,0x80B1,0x80B1,0x50
412,1,0x00,0x00,0x00,0xCD,0x12,0xBD,0x80B2,0x5005,0x50
413,1,0x00,0x00,0x00,0xCD,0x12,0xBD,0x80B2,0x5005,0x00
414,1,0x00,0x00,0x00,0xCD,0x12,0xBD,0x80B2,0x80B2,0x00
415,1,0x00,0x00,0x00,0xCD,0x12,0xBD,0x80B2,0x80B2,0xA2
416,1,0x00,0x00,0x00,0xA2,0x13,0xBD,0x80B3,0x80B3,0xA2
417,1,0x00,0x00,0x00,0xA2,0x13,0xBD,0x80B3,0x80B3,0x00
418,1,0x00,0x00,0x00,0xA2,0x13,0xBD,0x80B4,0x80B4,0x00
419,1,0x00,0x00,0x00,0xA2,0x13,0xBD,0x80B4,0x80B4,0xEC
420,1,0x00,0x00,0x00,0xEC,0x13,0xBD,0x80B5,0x80B5,0xEC
421,1,0x00,0x00,0x00,0xEC,0x13,0xBD,0x80B5,0x80B5,0x05
422,1,0x00,0x00,0x00,0xEC,0x13,0xBD,0x80B6,0x80B6,0x05
423,1,0x00,0x00,0x00,0xEC,0x13,0xBD,0x80B6,0x80B6,0x50
424,1,0x00,0x00,0x00,0xEC,0x13,0xBD,0x80B7,0x5005,0x50
425,1,0x00,0x00,0x00,0xEC,0x13,0xBD,0x80B7,0x5005,0x00
426,1,0x00,0x00,0x00,0xEC,0x13,0xBD,0x80B7,0x80B7,0x00
427,1,0x00,0x00,0x00,0xEC,0x13,0xBD,0x80B7,0x80B7,0xA0
428,1,0x00,0x00,0x00,0xA0,0x13,0xBD,0x80B8,0x80B8,0xA0
429,1,0x00,0x00,0x00,0xA0,0x13,0xBD,0x80B8,0x80B8,0x00
430,1,0x00,0x00,0x00,0xA0,0x13,0xBD,0x80B9,0x80B9,0x00
431,1,0x00,0x00,0x00,0xA0,0x13,0xBD,0x80B9,0x80B9,0xCC
432,1,0x00,0x00,0x00,0xCC,0x13,0xBD,0x80BA,0x80BA,0xCC
433,1,0x00,0x00,0x00,0xCC,0x13,0xBD,0x80BA,0x80BA,0x05
434,1,0x00,0x00,0x00,0xCC,0x13,0xBD,0x80BB,0x80BB,0x05
435,1,0x00,0x00,0x00,0xCC,0x13,0xBD,0x80BB,0x80BB,0x50
436,1,0x00,0x00,0x00,0xCC,0x13,0xBD,0x80BC,0x5005,0x50
437,1,0x00,0x00,0x00,0xCC,0x13,0xBD,0x80BC,0x5005,0x00
438,1,0x00,0x00,0x00,0xCC,0x13,0xBD,0x80BC,0x80BC,0x00
439,1,0x00,0x00,0x00,0xCC,0x13,0xBD,0x80BC,0x80BC,0xA9
440,1,0x00,0x00,0x00,0xA9,0x13,0xBD,0x80BD,0x80BD,0xA9
441,1,0x00,0x00,0x00,0xA9,0x13,0xBD,0x80BD,0x80BD,0x80
442,1,0x80,0x00,0x00,0xA9,0x91,0xBD,0x80BE,0x80BE,0x80
443,1,0x80,0x00,0x00,0xA9,0x91,0xBD,0x80BE,0x80BE,0xCD
444,1,0x80,0x00,0x00,0xCD,0x91,0xBD,0x80BF,0x80BF,0xCD
445,1,0x80,0x00,0x00,0xCD,0x91,0xBD,0x80BF,0x80BF,0x05
446,1,0x80,0x00,0x00,0xCD,0x91,0xBD,0x80C0,0x80C0,0x05
447,1,0x80,0x00,0x00,0xCD,0x91,0xBD,0x80C0,0x80C0,0x50
448,1,0x80,0x00,0x00,0xCD,0x91,0xBD,0x80C1,0x5005,0x50
449,1,0x80,0x00,0x00,0xCD,0x91,0xBD,0x80C1,0x5005,0x00
450,1,0x80,0x00,0x00,0xCD,0x91,0xBD,0x80C1,0x80C1,0x00
451,1,0x80,0x00,0x00,0xCD,0x91,0xBD,0x80C1,0x80C1,0xA2
452,1,0x80,0x00,0x00,0xA2,0x91,0xBD,0x80C2,0x80C2,0xA2
453,1,0x80,0x00,0x00,0xA2,0x91,0xBD,0x80C2,0x80C2,0x80
454,1,0x80,0x80,0x00,0xA2,0x91,0xBD,0x80C3,0x80C3,0x80
455,1,0x80,0x80,0x00,0xA2,0x91,0xBD,0x80C3,0x80C3,0xEC
456,1,0x80,0x80,0x00,0xEC,0x91,0xBD,0x80C4,0x80C4,0xEC
457,1,0x80,0x80,0x00,0xEC,0x91,0xBD,0x80C4,0x80C4,0x05
458,1,0x80,0x80,0x00,0xEC,0x91,0xBD,0x80C5,0x80C5,0x05
459,1,0x80,0x80,0x00,0xEC,0x91,0xBD,0x80C5,0x80C5,0x50
460,1,0x80,0x80,0x00,0xEC,0x91,0xBD,0x80C6,0x5005,0x50
461,1,0x80,0x80,0x00,0xEC,0x91,0xBD,0x80C6,0x5005,0x00
462,1,0x80,0x80,0x00,0xEC,0x91,0xBD,0x80C6,0x80C6,0x00
463,1,0x80,0x80,0x00,0xEC,0x91,0xBD,0x80C6,0x80C6,0xA0
464,1,0x80,0x80,0x00,0xA0,0x91,0xBD,0x80C7,0x80C7,0xA0
465,1,0x80,0x80,0x00,0xA0,0x91,0xBD,0x80C7,0x80C7,0x80
466,1,0x80,0x80,0x80,0xA0,0x91,0xBD,0x80C8,0x80C8,0x80
467,1,0x80,0x80,0x80,0xA0,0x91,0xBD,0x80C8,0x80C8,0xCC
468,1,0x80,0x80,0x80,0xCC,0x91,0xBD,0x80C9,0x80C9,0xCC
469,1,0x80,0x80,0x80,0xCC,0x91,0xBD,0x80C9,0x80C9,0x05
470,1,0x80,0x80,0x80,0xCC,0x91,0xBD,0x80CA,0x80CA,0x05
471,1,0x80,0x80,0x80,0xCC,0x91,0xBD,0x80CA,0x80CA,0x50
472,1,0x80,0x80,0x80,0xCC,0x91,0xBD,0x80CB,0x5005,0x50
473,1,0x80,0x80,0x80,0xCC,0x91,0xBD,0x80CB,0x5005,0x00
474,1,0x80,0x80,0x80,0xCC,0x91,0xBD,0x80CB,0x80CB,0x00
475,1,0x80,0x80,0x80,0xCC,0x91,0xBD,0x80CB,0x80CB,0xA9
476,1,0x80,0x80,0x80,0xA9,0x91,0xBD,0x80CC,0x80CC,0xA9
477,1,0x80,0x80,0x80,0xA9,0x91,0xBD,0x80CC,0x80CC,0x80
478,1,0x80,0x80,0x80,0xA9,0x91,0xBD,0x80CD,0x80CD,0x80
479,1,0x80,0x80,0x80,0xA9,0x91,0xBD,0x80CD,0x80CD,0x8D
480,1,0x80,0x80,0x80,0x8D,0x91,0xBD,0x80CE,0x80CE,0x8D
481,1,0x80,0x80,0x80,0x8D,0x91,0xBD,0x80CE,0x80CE,0x05
482,1,0x80,0x80,0x80,0x8D,0x91,0xBD,0x80CF,0x80CF,0x05
483,1,0x80,0x80,0x80,0x8D,0x91,0xBD,0x80CF,0x80CF,0x50
484,0,0x80,0x80,0x80,0x8D,0x91,0xBD,0x80D0,0x5005,0x50
485,0,0x80,0x80,0x80,0x8D,0x91,0xBD,0x80D0,0x5005,0x80
486,1,0x80,0x80,0x80,0x8D,0x91,0xBD,0x80D0,0x80D0,0x50
487,1,0x80,0x80,0x80,0x8D,0x91,0xBD,0x80D0,0x80D0,0xA9
488,1,0x80,0x80,0x80,0xA9,0x91,0xBD,0x80D1,0x80D1,0xA9
489,1,0x80,0x80,0x80,0xA9,0x91,0xBD,0x80D1,0x80D1,0x00
490,1,0x00,0x80,0x80,0xA9,0x13,0xBD,0x80D2,0x80D2,0x00
491,1,0x00,0x80,0x80,0xA9,0x13,0xBD,0x80D2,0x80D2,0xCD
492,1,0x00,0x80,0x80,0xCD,0x13,0xBD,0x80D3,0x80D3,0xCD
493,1,0x00,0x80,0x80,0xCD,0x13,0xBD,0x80D3,0x80D3,0x05
494,1,0x00,0x80,0x80,0xCD,0x13,0xBD,0x80D4,0x80D4,0x05
495,1,0x00,0x80,0x80,0xCD,0x13,0xBD,0x80D4,0x80D4,0x50
496,1,0x00,0x80,0x80,0xCD,0x13,0xBD,0x80D5,0x5005,0x50
497,1,0x00,0x80,0x80,0xCD,0x13,0xBD,0x80D5,0x5005,0x80
498,1,0x00,0x80,0x80,0xCD,0x13,0xBD,0x80D5,0x80D5,0x80
499,1,0x00,0x80,0x80,0xCD,0x13,0xBD,0x80D5,0x80D5,0xA2
500,1,0x00,0x80,0x80,0xA2,0x90,0xBD,0x80D6,0x80D6,0xA2
501,1,0x00,0x80,0x80,0xA2,0x90,0xBD,0x80D6,0x80D6,0x00
502,1,0x00,0x00,0x80,0xA2,0x12,0xBD,0x80D7,0x80D7,0x00
503,1,0x00,0x00,0x80,0xA2,0x12,0xBD,0x80D7,0x80D7,0xEC
504,1,0x00,0x00,0x80,0xEC,0x12,0xBD,0x80D8,0x80D8,0xEC
505,1,0x00,0x00,0x80,0xEC,0x12,0xBD,0x80D8,0x80D8,0x05
506,1,0x00,0x00,0x80,0xEC,0x12,0xBD,0x80D9,0x80D9,0x05
507,1,0x00,0x00,0x80,0xEC,0x12,0xBD,0x80D9,0x80D9,0x50
508,1,0x00,0x00,0x80,0xEC,0x12,0xBD,0x80DA,0x5005,0x50
509,1,0x00,0x00,0x80,0xEC,0x12,0xBD,0x80DA,0x5005,0x80
510,1,0x00,0x00,0x80,0xEC,0x12,0xBD,0x80DA,0x80DA,0x80
511,1,0x00,0x00,0x80,0xEC,0x12,0xBD,0x80DA,0x80DA,0xA0
512,1,0x00,0x00,0x80,0xA0,0x90,0xBD,0x80DB,0x80DB,0xA0
513,1,0x00,0x00,0x80,0xA0,0x90,0xBD,0x80DB,0x80DB,0x00
514,1,0x00,0x00,0x00,0xA0,0x12,0xBD,0x80DC,0x80DC,0x00
515,1,0x00,0x00,0x00,0xA0,0x12,0xBD,0x80DC,0x80DC,0xCC
516,1,0x00,0x00,0x00,0xCC,0x12,0xBD,0x80DD,0x80DD,0xCC
517,1,0x00,0x00,0x00,0xCC,0x12,0xBD,0x80DD,0x80DD,0x05
518,1,0x00,0x00,0x00,0xCC,0x12,0xBD,0x80DE,0x80DE,0x05
519,1,0x00,0x00,0x00,0xCC,0x12,0xBD,0x80DE,0x80DE,0x50
520,1,0x00,0x00,0x00,0xCC,0x12,0xBD,0x80DF,0x5005,0x50
521,1,0x00,0x00,0x00,0xCC,0x12,0xBD,0x80DF,0x5005,0x80
522,1,0x00,0x00,0x00,0xCC,0x12,0xBD,0x80DF,0x80DF,0x80
523,1,0x00,0x00,0x00,0xCC,0x12,0xBD,0x80DF,0x80DF,0xA9
524,1,0x00,0x00,0x00,0xA9,0x90,0xBD,0x80E0,0x80E0,0xA9
525,1,0x00,0x00,0x00,0xA9,0x90,0xBD,0x80E0,0x80E0,0x80
526,1,0x80,0x00,0x00,0xA9,0x90,0xBD,0x80E1,0x80E1,0x80
527,1,0x80,0x00,0x00,0xA9,0x90,0xBD,0x80E1,0x80E1,0xCD
528,1,0x80,0x00,0x00,0xCD,0x90,0xBD,0x80E2,0x80E2,0xCD
529,1,0x80,0x00,0x00,0xCD,0x90,0xBD,0x80E2,0x80E2,0x05
530,1,0x80,0x00,0x00,0xCD,0x90,0xBD,0x80E3,0x80E3,0x05
531,1,0x80,0x00,0x00,0xCD,0x90,0xBD,0x80E3,0x80E3,0x50
532,1,0x80,0x00,0x00,0xCD,0x90,0xBD,0x80E4,0x5005,0x50
533,1,0x80,0x00,0x00,0xCD,0x90,0xBD,0x80E4,0x5005,0x80
534,1,0x80,0x00,0x00,0xCD,0x90,0xBD,0x80E4,0x80E4,0x80
535,1,0x80,0x00,0x00,0xCD,0x90,0xBD,0x80E4,0x80E4,0xA2
536,1,0x80,0x00,0x00,0xA2,0x13,0xBD,0x80E5,0x80E5,0xA2
537,1,0x80,0x00,0x00,0xA2,0x13,0xBD,0x80E5,0x80E5,0x80
538,1,0x80,0x80,0x00,0xA2,0x91,0xBD,0x80E6,0x80E6,0x80
539,1,0x80,0x80,0x00,0xA2,0x91,0xBD,0x80E6,0x80E6,0xEC
540,1,0x80,0x80,0x00,0xEC,0x91,0xBD,0x80E7,0x80E7,0xEC
541,1,0x80,0x80,0x00,0xEC,0x91,0xBD,0x80E7,0x80E7,0x05
542,1,0x80,0x80,0x00,0xEC,0x91,0xBD,0x80E8,0x80E8,0x05
543,1,0x80,0x80,0x00,0xEC,0x91,0xBD,0x80E8,0x80E8,0x50
544,1,0x80,0x80,0x00,0xEC,0x91,0xBD,0x80E9,0x5005,0x50
545,1,0x80,0x80,0x00,0xEC,0x91,0xBD,0x80E9,0x5005,0x80
546,1,0x80,0x80,0x00,0xEC,0x91,0xBD,0x80E9,0x80E9,0x80
547,1,0x80,0x80,0x00,0xEC,0x91,0xBD,0x80E9,0x80E9,0xA0
548,1,0x80,0x80,0x00,0xA0,0x13,0xBD,0x80EA,0x80EA,0xA0
549,1,0x80,0x80,0x00,0xA0,0x13,0xBD,0x80EA,0x80EA,0x80
550,1,0x80,0x80,0x80,0xA0,0x91,0xBD,0x80EB,0x80EB,0x80
551,1,0x80,0x80,0x80,0xA0,0x91,0xBD,0x80EB,0x80EB,0xCC
552,1,0x80,0x80,0x80,0xCC,0x91,0xBD,0x80EC,0x80EC,0xCC
553,1,0x80,0x80,0x80,0xCC,0x91,0xBD,0x80EC,0x80EC,0x05
554,1,0x80,0x80,0x80,0xCC,0x91,0xBD,0x80ED,0x80ED,0x05
555,1,0x80,0x80,0x80,0xCC,0x91,0xBD,0x80ED,0x80ED,0x50
556,1,0x80,0x80,0x80,0xCC,0x91,0xBD,0x80EE,0x5005,0x50
557,1,0x80,0x80,0x80,0xCC,0x91,0xBD,0x80EE,0x5005,0x80
558,1,0x80,0x80,0x80,0xCC,0x91,0xBD,0x80EE,0x80EE,0x80
559,1,0x80,0x80,0x80,0xCC,0x91,0xBD,0x80EE,0x80EE,0xA9
560,1,0x80,0x80,0x80,0xA9,0x13,0xBD,0x80EF,0x80EF,0xA9
561,1,0x80,0x80,0x80,0xA9,0x13,0xBD,0x80EF,0x80EF,0x00
562,1,0x00,0x80,0x80,0xA9,0x13,0xBD,0x80F0,0x80F0,0x00
563,1,0x00,0x80,0x80,0xA9,0x13,0xBD,0x80F0,0x80F0,0x8D
564,1,0x00,0x80,0x80,0x8D,0x13,0xBD,0x80F1,0x80F1,0x8D
565,1,0x00,0x80,0x80,0x8D,0x13,0xBD,0x80F1,0x80F1,0x05
566,1,0x00,0x80,0x80,0x8D,0x13,0xBD,0x80F2,0x80F2,0x05
567,1,0x00,0x80,0x80,0x8D,0x13,0xBD,0x80F2,0x80F2,0x50
568,0,0x00,0x80,0x80,0x8D,0x13,0xBD,0x80F3,0x5005,0x50
569,0,0x00,0x80,0x80,0x8D,0x13,0xBD,0x80F3,0x5005,0x00
570,1,0x00,0x80,0x80,0x8D,0x13,0xBD,0x80F3,0x80F3,0x50
571,1,0x00,0x80,0x80,0x8D,0x13,0xBD,0x80F3,0x80F3,0xA9
572,1,0x00,0x80,0x80,0xA9,0x13,0xBD,0x80F4,0x80F4,0xA9
573,1,0x00,0x80,0x80,0xA9,0x13,0xBD,0x80F4,0x80F4,0x40
574,1,0x40,0x80,0x80,0xA9,0x11,0xBD,0x80F5,0x80F5,0x40
575,1,0x40,0x80,0x80,0xA9,0x11,0xBD,0x80F5,0x80F5,0xCD
576,1,0x40,0x80,0x80,0xCD,0x11,0xBD,0x80F6,0x80F6,0xCD
577,1,0x40,0x80,0x80,0xCD,0x11,0xBD,0x80F6,0x80F6,0x05
578,1,0x40,0x80,0x80,0xCD,0x11,0xBD,0x80F7,0x80F7,0x05
579,1,0x40,0x80,0x80,0xCD,0x11,0xBD,0x80F7,0x80F7,0x50
580,1,0x40,0x80,0x80,0xCD,0x11,0xBD,0x80F8,0x5005,0x50
581,1,0x40,0x80,0x80,0xCD,0x11,0xBD,0x80F8,0x5005,0x00
582,1,0x40,0x80,0x80,0xCD,0x11,0xBD,0x80F8,0x80F8,0x00
583,1,0x40,0x80,0x80,0xCD,0x11,0xBD,0x80F8,0x80F8,0xA2
584,1,0x40,0x80,0x80,0xA2,0x11,0xBD,0x80F9,0x80F9,0xA2
585,1,0x40,0x80,0x80,0xA2,0x11,0xBD,0x80F9,0x80F9,0x40
586,1,0x40,0x40,0x80,0xA2,0x11,0xBD,0x80FA,0x80FA,0x40
587,1,0x40,0x40,0x80,0xA2,0x11,0xBD,0x80FA,0x80FA,0xEC
588,1,0x40,0x40,0x80,0xEC,0x11,0xBD,0x80FB,0x80FB,0xEC
589,1,0x40,0x40,0x80,0xEC,0x11,0xBD,0x80FB,0x80FB,0x05
590,1,0x40,0x40,0x80,0xEC,0x11,0xBD,0x80FC,0x80FC,0x05
591,1,0x40,0x40,0x80,0xEC,0x11,0xBD,0x80FC,0x80FC,0x50
592,1,0x40,0x40,0x80,0xEC,0x11,0xBD,0x80FD,0x5005,0x50
593,1,0x40,0x40,0x80,0xEC,0x11,0xBD,0x80FD,0x5005,0x00
594,1,0x40,0x40,0x80,0xEC,0x11,0xBD,0x80FD,0x80FD,0x00
595,1,0x40,0x40,0x80,0xEC,0x11,0xBD,0x80FD,0x80FD,0xA0
596,1,0x40,0x40,0x80,0xA0,0x11,0xBD,0x80FE,0x80FE,0xA0
597,1,0x40,0x40,0x80,0xA0,0x11,0xBD,0x80FE,0x80FE,0x40
598,1,0x40,0x40,0x40,0xA0,0x11,0xBD,0x80FF,0x80FF,0x40
599,1,0x40,0x40,0x40,0xA0,0x11,0xBD,0x80FF,0x80FF,0xCC
600,1,0x40,0x40,0x40,0xCC,0x11,0xBD,0x8100,0x8100,0xCC
601,1,0x40,0x40,0x40,0xCC,0x11,0xBD,0x8100,0x8100,0x05
602,1,0x40,0x40,0x40,0xCC,0x11,0xBD,0x8101,0x8101,0x05
603,1,0x40,0x40,0x40,0xCC,0x11,0xBD,0x8101,0x8101,0x50
604,1,0x40,0x40,0x40,0xCC,0x11,0xBD,0x8102,0x5005,0x50
605,1,0x40,0x40,0x40,0xCC,0x11,0xBD,0x8102,0x5005,0x00
606,1,0x40,0x40,0x40,0xCC,0x11,0xBD,0x8102,0x8102,0x00
607,1,0x40,0x40,0x40,0xCC,0x11,0xBD,0x8102,0x8102,0xA9
608,1,0x40,0x40,0x40,0xA9,0x11,0xBD,0x8103,0x8103,0xA9
609,1,0x40,0x40,0x40,0xA9,0x11,0xBD,0x8103,0x8103,0x40
610,1,0x40,0x40,0x40,0xA9,0x11,0xBD,0x8104,0x8104,0x40
611,1,0x40,0x40,0x40,0xA9,0x11,0xBD,0x8104,0x8104,0x8D
612,1,0x40,0x40,0x40,0x8D,0x11,0xBD,0x8105,0x8105,0x8D
613,1,0x40,0x40,0x40,0x8D,0x11,0xBD,0x8105,0x8105,0x05
614,1,0x40,0x40,0x40,0x8D,0x11,0xBD,0x8106,0x8106,0x05
615,1,0x40,0x40,0x40,0x8D,0x11,0xBD,0x8106,0x8106,0x50
616,0,0x40,0x40,0x40,0x8D,0x11,0xBD,0x8107,0x5005,0x50
617,0,0x40,0x40,0x40,0x8D,0x11,0xBD,0x8107,0x5005,0x40
618,1,0x40,0x40,0x40,0x8D,0x11,0xBD,0x8107,0x8107,0x50
619,1,0x40,0x40,0x40,0x8D,0x11,0xBD,0x8107,0x8107,0xA9
620,1,0x40,0x40,0x40,0xA9,0x11,0xBD,0x8108,0x8108,0xA9
621,1,0x40,0x40,0x40,0xA9,0x11,0xBD,0x8108,0x8108,0x00
622,1,0x00,0x40,0x40,0xA9,0x13,0xBD,0x8109,0x8109,0x00
623,1,0x00,0x40,0x40,0xA9,0x13,0xBD,0x8109,0x8109,0xCD
624,1,0x00,0x40,0x40,0xCD,0x13,0xBD,0x810A,0x810A,0xCD
625,1,0x00,0x40,0x40,0xCD,0x13,0xBD,0x810A,0x810A,0x05
626,1,0x00,0x40,0x40,0xCD,0x13,0xBD,0x810B,0x810B,0x05
627,1,0x00,0x40,0x40,0xCD,0x13,0xBD,0x810B,0x810B,0x50
628,1,0x00,0x40,0x40,0xCD,0x13,0xBD,0x810C,0x5005,0x50
629,1,0x00,0x40,0x40,0xCD,0x13,0xBD,0x810C,0x5005,0x40
630,1,0x00,0x40,0x40,0xCD,0x13,0xBD,0x810C,0x810C,0x40
631,1,0x00,0x40,0x40,0xCD,0x13,0xBD,0x810C,0x810C,0xA2
632,1,0x00,0x40,0x40,0xA2,0x90,0xBD,0x810D,0x810D,0xA2
633,1,0x00,0x40,0x40,0xA2,0x90,0xBD,0x810D,0x810D,0x00
634,1,0x00,0x00,0x40,0xA2,0x12,0xBD,0x810E,0x810E,0x00
635,1,0x00,0x00,0x40,0xA2,0x12,0xBD,0x810E,0x810E,0xEC
636,1,0x00,0x00,0x40,0xEC,0x12,0xBD,0x810F,0x810F,0xEC
637,1,0x00,0x00,0x40,0xEC,0x12,0xBD,0x810F,0x810F,0x05
638,1,0x00,0x00,0x40,0xEC,0x12,0xBD,0x8110,0x8110,0x05
639,1,0x00,0x00,0x40,0xEC,0x12,0xBD,0x8110,0x8110,0x50
640,1,0x00,0x00,0x40,0xEC,0x12,0xBD,0x8111,0x5005,0x50
641,1,0x00,0x00,0x40,0xEC,0x12,0xBD,0x8111,0x5005,0x40
642,1,0x00,0x00,0x40,0xEC,0x12,0xBD,0x8111,0x8111,0x40
643,1,0x00,0x00,0x40,0xEC,0x12,0xBD,0x8111,0x8111,0xA0
644,1,0x00,0x00,0x40,0xA0,0x90,0xBD,0x8112,0x8112,0xA0
645,1,0x00,0x00,0x40,0xA0,0x90,0xBD,0x8112,0x8112,0x00
646,1,0x00,0x00,0x00,0xA0,0x12,0xBD,0x8113,0x8113,0x00
647,1,0x00,0x00,0x00,0xA0,0x12,0xBD,0x8113,0x8113,0xCC
648,1,0x00,0x00,0x00,0xCC,0x12,0xBD,0x8114,0x8114,0xCC
649,1,0x00,0x00,0x00,0xCC,0x12,0xBD,0x8114,0x8114,0x05
650,1,0x00,0x00,0x00,0xCC,0x12,0xBD,0x8115,0x8115,0x05
651,1,0x00,0x00,0x00,0xCC,0x12,0xBD,0x8115,0x8115,0x50
652,1,0x00,0x00,0x00,0xCC,0x12,0xBD,0x8116,0x5005,0x50
653,1,0x00,0x00,0x00,0xCC,0x12,0xBD,0x8116,0x5005,0x40
654,1,0x00,0x00,0x00,0xCC,0x12,0xBD,0x8116,0x8116,0x40
655,1,0x00,0x00,0x00,0xCC,0x12,0xBD,0x8116,0x8116,0xA9
656,1,0x00,0x00,0x00,0xA9,0x90,0xBD,0x8117,0x8117,0xA9
657,1,0x00,0x00,0x00,0xA9,0x90,0xBD,0x8117,0x8117,0x00
658,1,0x00,0x00,0x00,0xA9,0x12,0xBD,0x8118,0x8118,0x00
659,1,0x00,0x00,0x00,0xA9,0x12,0xBD,0x8118,0x8118,0x8D
660,1,0x00,0x00,0x00,0x8D,0x12,0xBD,0x8119,0x8119,0x8D
661,1,0x00,0x00,0x00,0x8D,0x12,0xBD,0x8119,0x8119,0x05
662,1,0x00,0x00,0x00,0x8D,0x12,0xBD,0x811A,0x811A,0x05
663,1,0x00,0x00,0x00,0x8D,0x12,0xBD,0x811A,0x811A,0x50
664,0,0x00,0x00,0x00,0x8D,0x12,0xBD,0x811B,0x5005,0x50
665,0,0x00,0x00,0x00,0x8D,0x12,0xBD,0x811B,0x5005,0x00
666,1,0x00,0x00,0x00,0x8D,0x12,0xBD,0x811B,0x811B,0x50
667,1,0x00,0x00,0x00,0x8D,0x12,0xBD,0x811B,0x811B,0xA2
668,1,0x00,0x00,0x00,0xA2,0x12,0xBD,0x811C,0x811C,0xA2
669,1,0x00,0x00,0x00,0xA2,0x12,0xBD,0x811C,0x811C,0x03
670,1,0x00,0x03,0x00,0xA2,0x10,0xBD,0x811D,0x811D,0x03
671,1,0x00,0x03,0x00,0xA2,0x10,0xBD,0x811D,0x811D,0xA0
672,1,0x00,0x03,0x00,0xA0,0x10,0xBD,0x811E,0x811E,0xA0
673,1,0x00,0x03,0x00,0xA0,0x10,0xBD,0x811E,0x811E,0x00
674,1,0x00,0x03,0x00,0xA0,0x12,0xBD,0x811F,0x811F,0x00
675,1,0x00,0x03,0x00,0xA0,0x12,0xBD,0x811F,0x811F,0xA9
676,1,0x00,0x03,0x00,0xA9,0x12,0xBD,0x8120,0x8120,0xA9
677,1,0x00,0x03,0x00,0xA9,0x12,0xBD,0x8120,0x8120,0x00
678,1,0x00,0x03,0x00,0xA9,0x12,0xBD,0x8121,0x8121,0x00
679,1,0x00,0x03,0x00,0xA9,0x12,0xBD,0x8121,0x8121,0x85
680,1,0x00,0x03,0x00,0x85,0x12,0xBD,0x8122,0x8122,0x85
681,1,0x00,0x03,0x00,0x85,0x12,0xBD,0x8122,0x8122,0x08
682,0,0x00,0x03,0x00,0x85,0x12,0xBD,0x8123,0x0008,0x08
683,0,0x00,0x03,0x00,0x85,0x12,0xBD,0x8123,0x0008,0x00
684,1,0x00,0x03,0x00,0x85,0x12,0xBD,0x8123,0x8123,0x08
685,1,0x00,0x03,0x00,0x85,0x12,0xBD,0x8123,0x8123,0xA9
686,1,0x00,0x03,0x00,0xA9,0x12,0xBD,0x8124,0x8124,0xA9
687,1,0x00,0x03,0x00,0xA9,0x12,0xBD,0x8124,0x8124,0x00
688,1,0x00,0x03,0x00,0xA9,0x12,0xBD,0x8125,0x8125,0x00
689,1,0x00,0x03,0x00,0xA9,0x12,0xBD,0x8125,0x8125,0xD5
690,1,0x00,0x03,0x00,0xD5,0x12,0xBD,0x8126,0x8126,0xD5
691,1,0x00,0x03,0x00,0xD5,0x12,0xBD,0x8126,0x8126,0x05
692,1,0x00,0x03,0x00,0xD5,0x12,0xBD,0x8127,0x0005,0x05
693,1,0x00,0x03,0x00,0xD5,0x12,0xBD,0x8127,0x0005,0x00
694,1,0x00,0x03,0x00,0xD5,0x12,0xBD,0x8127,0x0008,0x00
695,1,0x00,0x03,0x00,0xD5,0x12,0xBD,0x8127,0x0008,0x00
696,1,0x00,0x03,0x00,0xD5,0x12,0xBD,0x8127,0x8127,0x00
697,1,0x00,0x03,0x00,0xD5,0x12,0xBD,0x8127,0x8127,0xA9
698,1,0x00,0x03,0x00,0xA9,0x13,0xBD,0x8128,0x8128,0xA9
699,1,0x00,0x03,0x00,0xA9,0x13,0xBD,0x8128,0x8128,0x80
700,1,0x80,0x03,0x00,0xA9,0x91,0xBD,0x8129,0x8129,0x80
701,1,0x80,0x03,0x00,0xA9,0x91,0xBD,0x8129,0x8129,0xD5
702,1,0x80,0x03,0x00,0xD5,0x91,0xBD,0x812A,0x812A,0xD5
703,1,0x80,0x03,0x00,0xD5,0x91,0xBD,0x812A,0x812A,0x05
704,1,0x80,0x03,0x00,0xD5,0x91,0xBD,0x812B,0x0005,0x05
705,1,0x80,0x03,0x00,0xD5,0x91,0xBD,0x812B,0x0005,0x00
706,1,0x80,0x03,0x00,0xD5,0x91,0xBD,0x812B,0x0008,0x00
707,1,0x80,0x03,0x00,0xD5,0x91,0xBD,0x812B,0x0008,0x00
708,1,0x80,0x03,0x00,0xD5,0x91,0xBD,0x812B,0x812B,0x00
709,1,0x80,0x03,0x00,0xD5,0x91,0xBD,0x812B,0x812B,0xA9
710,1,0x80,0x03,0x00,0xA9,0x91,0xBD,0x812C,0x812C,0xA9
711,1,0x80,0x03,0x00,0xA9,0x91,0xBD,0x812C,0x812C,0x80
712,1,0x80,0x03,0x00,0xA9,0x91,0xBD,0x812D,0x812D,0x80
713,1,0x80,0x03,0x00,0xA9,0x91,0xBD,0x812D,0x812D,0x85
714,1,0x80,0x03,0x00,0x85,0x91,0xBD,0x812E,0x812E,0x85
715,1,0x80,0x03,0x00,0x85,0x91,0xBD,0x812E,0x812E,0x08
716,0,0x80,0x03,0x00,0x85,0x91,0xBD,0x812F,0x0008,0x08
717,0,0x80,0x03,0x00,0x85,0x91,0xBD,0x812F,0x0008,0x80
718,1,0x80,0x03,0x00,0x85,0x91,0xBD,0x812F,0x812F,0x08
719,1,0x80,0x03,0x00,0x85,0x91,0xBD,0x812F,0x812F,0xA9
720,1,0x80,0x03,0x00,0xA9,0x91,0xBD,0x8130,0x8130,0xA9
721,1,0x80,0x03,0x00,0xA9,0x91,0xBD,0x8130,0x8130,0x00
722,1,0x00,0x03,0x00,0xA9,0x13,0xBD,0x8131,0x8131,0x00
723,1,0x00,0x03,0x00,0xA9,0x13,0xBD,0x8131,0x8131,0xD5
724,1,0x00,0x03,0x00,0xD5,0x13,0xBD,0x8132,0x8132,0xD5
725,1,0x00,0x03,0x00,0xD5,0x13,0xBD,0x8132,0x8132,0x05
726,1,0x00,0x03,0x00,0xD5,0x13,0xBD,0x8133,0x0005,0x05
727,1,0x00,0x03,0x00,0xD5,0x13,0xBD,0x8133,0x0005,0x00
728,1,0x00,0x03,0x00,0xD5,0x13,0xBD,0x8133,0x0008,0x00
729,1,0x00,0x03,0x00,0xD5,0x13,0xBD,0x8133,0x0008,0x80
730,1,0x00,0x03,0x00,0xD5,0x13,0xBD,0x8133,0x8133,0x80
731,1,0x00,0x03,0x00,0xD5,0x13,0xBD,0x8133,0x8133,0xA9
732,1,0x00,0x03,0x00,0xA9,0x90,0xBD,0x8134,0x8134,0xA9
733,1,0x00,0x03,0x00,0xA9,0x90,0xBD,0x8134,0x8134,0x80
734,1,0x80,0x03,0x00,0xA9,0x90,0xBD,0x8135,0x8135,0x80
735,1,0x80,0x03,0x00,0xA9,0x90,0xBD,0x8135,0x8135,0xD5
736,1,0x80,0x03,0x00,0xD5,0x90,0xBD,0x8136,0x8136,0xD5
737,1,0x80,0x03,0x00,0xD5,0x90,0xBD,0x8136,0x8136,0x05
738,1,0x80,0x03,0x00,0xD5,0x90,0xBD,0x8137,0x0005,0x05
739,1,0x80,0x03,0x00,0xD5,0x90,0xBD,0x8137,0x0005,0x00
740,1,0x80,0x03,0x00,0xD5,0x90,0xBD,0x8137,0x0008,0x00
741,1,0x80,0x03,0x00,0xD5,0x90,0xBD,0x8137,0x0008,0x80
742,1,0x80,0x03,0x00,0xD5,0x90,0xBD,0x8137,0x8137,0x80
743,1,0x80,0x03,0x00,0xD5,0x90,0xBD,0x8137,0x8137,0xA9
744,1,0x80,0x03,0x00,0xA9,0x13,0xBD,0x8138,0x8138,0xA9
745,1,0x80,0x03,0x00,0xA9,0x13,0xBD,0x8138,0x8138,0x00
746,1,0x00,0x03,0x00,0xA9,0x13,0xBD,0x8139,0x8139,0x00
747,1,0x00,0x03,0x00,0xA9,0x13,0xBD,0x8139,0x8139,0x95
748,1,0x00,0x03,0x00,0x95,0x13,0xBD,0x813A,0x813A,0x95
749,1,0x00,0x03,0x00,0x95,0x13,0xBD,0x813A,0x813A,0x08
750,1,0x00,0x03,0x00,0x95,0x13,0xBD,0x813B,0x0008,0x08
751,1,0x00,0x03,0x00,0x95,0x13,0xBD,0x813B,0x0008,0x80
752,0,0x00,0x03,0x00,0x95,0x13,0xBD,0x813B,0x000B,0x80
753,0,0x00,0x03,0x00,0x95,0x13,0xBD,0x813B,0x000B,0x00
754,1,0x00,0x03,0x00,0x95,0x13,0xBD,0x813B,0x813B,0x80
755,1,0x00,0x03,0x00,0x95,0x13,0xBD,0x813B,0x813B,0xA9
756,1,0x00,0x03,0x00,0xA9,0x13,0xBD,0x813C,0x813C,0xA9
757,1,0x00,0x03,0x00,0xA9,0x13,0xBD,0x813C,0x813C,0x40
758,1,0x40,0x03,0x00,0xA9,0x11,0xBD,0x813D,0x813D,0x40
759,1,0x40,0x03,0x00,0xA9,0x11,0xBD,0x813D,0x813D,0xD5
760,1,0x40,0x03,0x00,0xD5,0x11,0xBD,0x813E,0x813E,0xD5
761,1,0x40,0x03,0x00,0xD5,0x11,0xBD,0x813E,0x813E,0x05
762,1,0x40,0x03,0x00,0xD5,0x11,0xBD,0x813F,0x0005,0x05
763,1,0x40,0x03,0x00,0xD5,0x11,0xBD,0x813F,0x0005,0x00
764,1,0x40,0x03,0x00,0xD5,0x11,0xBD,0x813F,0x0008,0x00
765,1,0x40,0x03,0x00,0xD5,0x11,0xBD,0x813F,0x0008,0x80
766,1,0x40,0x03,0x00,0xD5,0x11,0xBD,0x813F,0x813F,0x80
767,1,0x40,0x03,0x00,0xD5,0x11,0xBD,0x813F,0x813F,0xA9
768,1,0x40,0x03,0x00,0xA9,0x90,0xBD,0x8140,0x8140,0xA9
769,1,0x40,0x03,0x00,0xA9,0x90,0xBD,0x8140,0x8140,0x40
770,1,0x40,0x03,0x00,0xA9,0x10,0xBD,0x8141,0x8141,0x40
771,1,0x40,0x03,0x00,0xA9,0x10,0xBD,0x8141,0x8141,0x85
772,1,0x40,0x03,0x00,0x85,0x10,0xBD,0x8142,0x8142,0x85
773,1,0x40,0x03,0x00,0x85,0x10,0xBD,0x8142,0x8142,0x08
774,0,0x40,0x03,0x00,0x85,0x10,0xBD,0x8143,0x0008,0x08
775,0,0x40,0x03,0x00,0x85,0x10,0xBD,0x8143,0x0008,0x40
776,1,0x40,0x03,0x00,0x85,0x10,0xBD,0x8143,0x8143,0x08
777,1,0x40,0x03,0x00,0x85,0x10,0xBD,0x8143,0x8143,0xA9
778,1,0x40,0x03,0x00,0xA9,0x10,0xBD,0x8144,0x8144,0xA9
779,1,0x40,0x03,0x00,0xA9,0x10,0xBD,0x8144,0x8144,0x00
780,1,0x00,0x03,0x00,0xA9,0x12,0xBD,0x8145,0x8145,0x00
781,1,0x00,0x03,0x00,0xA9,0x12,0xBD,0x8145,0x8145,0xD5
782,1,0x00,0x03,0x00,0xD5,0x12,0xBD,0x8146,0x8146,0xD5
783,1,0x00,0x03,0x00,0xD5,0x12,0xBD,0x8146,0x8146,0x05
784,1,0x00,0x03,0x00,0xD5,0x12,0xBD,0x8147,0x0005,0x05
785,1,0x00,0x03,0x00,0xD5,0x12,0xBD,0x8147,0x0005,0x00
786,1,0x00,0x03,0x00,0xD5,0x12,0xBD,0x8147,0x0008,0x00
787,1,0x00,0x03,0x00,0xD5,0x12,0xBD,0x8147,0x0008,0x40
788,1,0x00,0x03,0x00,0xD5,0x12,0xBD,0x8147,0x8147,0x40
789,1,0x00,0x03,0x00,0xD5,0x12,0xBD,0x8147,0x8147,0xA9
790,1,0x00,0x03,0x00,0xA9,0x90,0xBD,0x8148,0x8148,0xA9
791,1,0x00,0x03,0x00,0xA9,0x90,0xBD,0x8148,0x8148,0x00
792,1,0x00,0x03,0x00,0xA9,0x12,0xBD,0x8149,0x8149,0x00
793,1,0x00,0x03,0x00,0xA9,0x12,0xBD,0x8149,0x8149,0x85
794,1,0x00,0x03,0x00,0x85,0x12,0xBD,0x814A,0x814A,0x85
795,1,0x00,0x03,0x00,0x85,0x12,0xBD,0x814A,0x814A,0x08
796,0,0x00,0x03,0x00,0x85,0x12,0xBD,0x814B,0x0008,0x08
797,0,0x00,0x03,0x00,0x85,0x12,0xBD,0x814B,0x0008,0x00
798,1,0x00,0x03,0x00,0x85,0x12,0xBD,0x814B,0x814B,0x08
799,1,0x00,0x03,0x00,0x85,0x12,0xBD,0x814B,0x814B,0xA2
800,1,0x00,0x03,0x00,0xA2,0x12,0xBD,0x814C,0x814C,0xA2
801,1,0x00,0x03,0x00,0xA2,0x12,0xBD,0x814C,0x814C,0x03
802,1,0x00,0x03,0x00,0xA2,0x10,0xBD,0x814D,0x814D,0x03
803,1,0x00,0x03,0x00,0xA2,0x10,0xBD,0x814D,0x814D,0xA0
804,1,0x00,0x03,0x00,0xA0,0x10,0xBD,0x814E,0x814E,0xA0
805,1,0x00,0x03,0x00,0xA0,0x10,0xBD,0x814E,0x814E,0x00
806,1,0x00,0x03,0x00,0xA0,0x12,0xBD,0x814F,0x814F,0x00
807,1,0x00,0x03,0x00,0xA0,0x12,0xBD,0x814F,0x814F,0xA9
808,1,0x00,0x03,0x00,0xA9,0x12,0xBD,0x8150,0x8150,0xA9
809,1,0x00,0x03,0x00,0xA9,0x12,0xBD,0x8150,0x8150,0x00
810,1,0x00,0x03,0x00,0xA9,0x12,0xBD,0x8151,0x8151,0x00
811,1,0x00,0x03,0x00,0xA9,0x12,0xBD,0x8151,0x8151,0x8D
812,1,0x00,0x03,0x00,0x8D,0x12,0xBD,0x8152,0x8152,0x8D
813,1,0x00,0x03,0x00,0x8D,0x12,0xBD,0x8152,0x8152,0x08
814,1,0x00,0x03,0x00,0x8D,0x12,0xBD,0x8153,0x8153,0x08
815,1,0x00,0x03,0x00,0x8D,0x12,0xBD,0x8153,0x8153,0x50
816,0,0x00,0x03,0x00,0x8D,0x12,0xBD,0x8154,0x5008,0x50
817,0,0x00,0x03,0x00,0x8D,0x12,0xBD,0x8154,0x5008,0x00
818,1,0x00,0x03,0x00,0x8D,0x12,0xBD,0x8154,0x8154,0x50
819,1,0x00,0x03,0x00,0x8D,0x12,0xBD,0x8154,0x8154,0xA9
820,1,0x00,0x03,0x00,0xA9,0x12,0xBD,0x8155,0x8155,0xA9
821,1,0x00,0x03,0x00,0xA9,0x12,0xBD,0x8155,0x8155,0x00
822,1,0x00,0x03,0x00,0xA9,0x12,0xBD,0x8156,0x8156,0x00
823,1,0x00,0x03,0x00,0xA9,0x12,0xBD,0x8156,0x8156,0xDD
824,1,0x00,0x03,0x00,0xDD,0x12,0xBD,0x8157,0x8157,0xDD
825,1,0x00,0x03,0x00,0xDD,0x12,0xBD,0x8157,0x8157,0x05
826,1,0x00,0x03,0x00,0xDD,0x12,0xBD,0x8158,0x8158,0x05
827,1,0x00,0x03,0x00,0xDD,0x12,0xBD,0x8158,0x8158,0x50
828,1,0x00,0x03,0x00,0xDD,0x12,0xBD,0x8159,0x5008,0x50
829,1,0x00,0x03,0x00,0xDD,0x12,0xBD,0x8159,0x5008,0x00
830,1,0x00,0x03,0x00,0xDD,0x12,0xBD,0x8159,0x8159,0x00
831,1,0x00,0x03,0x00,0xDD,0x12,0xBD,0x8159,0x8159,0xA9
832,1,0x00,0x03,0x00,0xA9,0x13,0xBD,0x815A,0x815A,0xA9
833,1,0x00,0x03,0x00,0xA9,0x13,0xBD,0x815A,0x815A,0x80
834,1,0x80,0x03,0x00,0xA9,0x91,0xBD,0x815B,0x815B,0x80
835,1,0x80,0x03,0x00,0xA9,0x91,0xBD,0x815B,0x815B,0xDD
836,1,0x80,0x03,0x00,0xDD,0x91,0xBD,0x815C,0x815C,0xDD
837,1,0x80,0x03,0x00,0xDD,0x91,0xBD,0x815C,0x815C,0x05
838,1,0x80,0x03,0x00,0xDD,0x91,0xBD,0x815D,0x815D,0x05
839,1,0x80,0x03,0x00,0xDD,0x91,0xBD,0x815D,0x815D,0x50
840,1,0x80,0x03,0x00,0xDD,0x91,0xBD,0x815E,0x5008,0x50
841,1,0x80,0x03,0x00,0xDD,0x91,0xBD,0x815E,0x5008,0x00
842,1,0x80,0x03,0x00,0xDD,0x91,0xBD,0x815E,0x815E,0x00
843,1,0x80,0x03,0x00,0xDD,0x91,0xBD,0x815E,0x815E,0xA9
844,1,0x80,0x03,0x00,0xA9,0x91,0xBD,0x815F,0x815F,0xA9
845,1,0x80,0x03,0x00,0xA9,0x91,0xBD,0x815F,0x815F,0x80
846,1,0x80,0x03,0x00,0xA9,0x91,0xBD,0x8160,0x8160,0x80
847,1,0x80,0x03,0x00,0xA9,0x91,0xBD,0x8160,0x8160,0x8D
848,1,0x80,0x03,0x00,0x8D,0x91,0xBD,0x8161,0x8161,0x8D
849,1,0x80,0x03,0x00,0x8D,0x91,0xBD,0x8161,0x8161,0x08
850,1,0x80,0x03,0x00,0x8D,0x91,0xBD,0x8162,0x8162,0x08
851,1,0x80,0x03,0x00,0x8D,0x91,0xBD,0x8162,0x8162,0x50
852,0,0x80,0x03,0x00,0x8D,0x91,0xBD,0x8163,0x5008,0x50
853,0,0x80,0x03,0x00,0x8D,0x91,0xBD,0x8163,0x5008,0x80
854,1,0x80,0x03,0x00,0x8D,0x91,0xBD,0x8163,0x8163,0x50
855,1,0x80,0x03,0x00,0x8D,0x91,0xBD,0x8163,0x8163,0xA9
856,1,0x80,0x03,0x00,0xA9,0x91,0xBD,0x8164,0x8164,0xA9
857,1,0x80,0x03,0x00,0xA9,0x91,0xBD,0x8164,0x8164,0x00
858,1,0x00,0x03,0x00,0xA9,0x13,0xBD,0x8165,0x8165,0x00
859,1,0x00,0x03,0x00,0xA9,0x13,0xBD,0x8165,0x8165,0xDD
860,1,0x00,0x03,0x00,0xDD,0x13,0xBD,0x8166,0x8166,0xDD
861,1,0x00,0x03,0x00,0xDD,0x13,0xBD,0x8166,0x8166,0x05
862,1,0x00,0x03,0x00,0xDD,0x13,0xBD,0x8167,0x8167,0x05
863,1,0x00,0x03,0x00,0xDD,0x13,0xBD,0x8167,0x8167,0x50
864,1,0x00,0x03,0x00,0xDD,0x13,0xBD,0x8168,0x5008,0x50
865,1,0x00,0x03,0x00,0xDD,0x13,0xBD,0x8168,0x5008,0x80
866,1,0x00,0x03,0x00,0xDD,0x13,0xBD,0x8168,0x8168,0x80
867,1,0x00,0x03,0x00,0xDD,0x13,0xBD,0x8168,0x8168,0xA9
868,1,0x00,0x03,0x00,0xA9,0x90,0xBD,0x8169,0x8169,0xA9
869,1,0x00,0x03,0x00,0xA9,0x90,0xBD,0x8169,0x8169,0x80
870,1,0x80,0x03,0x00,0xA9,0x90,0xBD,0x816A,0x816A,0x80
871,1,0x80,0x03,0x00,0xA9,0x90,0xBD,0x816A,0x816A,0xDD
872,1,0x80,0x03,0x00,0xDD,0x90,0xBD,0x816B,0x816B,0xDD
873,1,0x80,0x03,0x00,0xDD,0x90,0xBD,0x816B,0x816B,0x05
874,1,0x80,0x03,0x00,0xDD,0x90,0xBD,0x816C,0x816C,0x05
875,1,0x80,0x03,0x00,0xDD,0x90,0xBD,0x816C,0x816C,0x50
876,1,0x80,0x03,0x00,0xDD,0x90,0xBD,0x816D,0x5008,0x50
877,1,0x80,0x03,0x00,0xDD,0x90,0xBD,0x816D,0x5008,0x80
878,1,0x80,0x03,0x00,0xDD,0x90,0xBD,0x816D,0x816D,0x80
879,1,0x80,0x03,0x00,0xDD,0x90,0xBD,0x816D,0x816D,0xA9
880,1,0x80,0x03,0x00,0xA9,0x13,0xBD,0x816E,0x816E,0xA9
881,1,0x80,0x03,0x00,0xA9,0x13,0xBD,0x816E,0x816E,0x00
882,1,0x00,0x03,0x00,0xA9,0x13,0xBD,0x816F,0x816F,0x00
883,1,0x00,0x03,0x00,0xA9,0x13,0xBD,0x816F,0x816F,0x8D
884,1,0x00,0x03,0x00,0x8D,0x13,0xBD,0x8170,0x8170,0x8D
885,1,0x00,0x03,0x00,0x8D,0x13,0xBD,0x8170,0x8170,0x08
886,1,0x00,0x03,0x00,0x8D,0x13,0xBD,0x8171,0x8171,0x08
887,1,0x00,0x03,0x00,0x8D,0x13,0xBD,0x8171,0x8171,0x50
888,0,0x00,0x03,0x00,0x8D,0x13,0xBD,0x8172,0x5008,0x50
889,0,0x00,0x03,0x00,0x8D,0x13,0xBD,0x8172,0x5008,0x00
890,1,0x00,0x03,0x00,0x8D,0x13,0xBD,0x8172,0x8172,0x50
891,1,0x00,0x03,0x00,0x8D,0x13,0xBD,0x8172,0x8172,0xA9
892,1,0x00,0x03,0x00,0xA9,0x13,0xBD,0x8173,0x8173,0xA9
893,1,0x00,0x03,0x00,0xA9,0x13,0xBD,0x8173,0x8173,0x40
894,1,0x40,0x03,0x00,0xA9,0x11,0xBD,0x8174,0x8174,0x40
895,1,0x40,0x03,0x00,0xA9,0x11,0xBD,0x8174,0x8174,0xDD
896,1,0x40,0x03,0x00,0xDD,0x11,0xBD,0x8175,0x8175,0xDD
897,1,0x40,0x03,0x00,0xDD,0x11,0xBD,0x8175,0x8175,0x05
898,1,0x40,0x03,0x00,0xDD,0x11,0xBD,0x8176,0x8176,0x05
899,1,0x40,0x03,0x00,0xDD,0x11,0xBD,0x8176,0x8176,0x50
900,1,0x40,0x03,0x00,0xDD,0x11,0xBD,0x8177,0x5008,0x50
901,1,0x40,0x03,0x00,0xDD,0x11,0xBD,0x8177,0x5008,0x00
902,1,0x40,0x03,0x00,0xDD,0x11,0xBD,0x8177,0x8177,0x00
903,1,0x40,0x03,0x00,0xDD,0x11,0xBD,0x8177,0x8177,0xA9
904,1,0x40,0x03,0x00,0xA9,0x11,0xBD,0x8178,0x8178,0xA9
905,1,0x40,0x03,0x00,0xA9,0x11,0xBD,0x8178,0x8178,0x40
906,1,0x40,0x03,0x00,0xA9,0x11,0xBD,0x8179,0x8179,0x40
907,1,0x40,0x03,0x00,0xA9,0x11,0xBD,0x8179,0x8179,0x8D
908,1,0x40,0x03,0x00,0x8D,0x11,0xBD,0x817A,0x817A,0x8D
909,1,0x40,0x03,0x00,0x8D,0x11,0xBD,0x817A,0x817A,0x08
910,1,0x40,0x03,0x00,0x8D,0x11,0xBD,0x817B,0x817B,0x08
911,1,0x40,0x03,0x00,0x8D,0x11,0xBD,0x817B,0x817B,0x50
912,0,0x40,0x03,0x00,0x8D,0x11,0xBD,0x817C,0x5008,0x50
913,0,0x40,0x03,0x00,0x8D,0x11,0xBD,0x817C,0x5008,0x40
914,1,0x40,0x03,0x00,0x8D,0x11,0xBD,0x817C,0x817C,0x50
915,1,0x40,0x03,0x00,0x8D,0x11,0xBD,0x817C,0x817C,0xA9
916,1,0x40,0x03,0x00,0xA9,0x11,0xBD,0x817D,0x817D,0xA9
917,1,0x40,0x03,0x00,0xA9,0x11,0xBD,0x817D,0x817D,0x00
918,1,0x00,0x03,0x00,0xA9,0x13,0xBD,0x817E,0x817E,0x00
919,1,0x00,0x03,0x00,0xA9,0x13,0xBD,0x817E,0x817E,0xDD
920,1,0x00,0x03,0x00,0xDD,0x13,0xBD,0x817F,0x817F,0xDD
921,1,0x00,0x03,0x00,0xDD,0x13,0xBD,0x817F,0x817F,0x05
922,1,0x00,0x03,0x00,0xDD,0x13,0xBD,0x8180,0x8180,0x05
923,1,0x00,0x03,0x00,0xDD,0x13,0xBD,0x8180,0x8180,0x50
924,1,0x00,0x03,0x00,0xDD,0x13,0xBD,0x8181,0x5008,0x50
925,1,0x00,0x03,0x00,0xDD,0x13,0xBD,0x8181,0x5008,0x40
926,1,0x00,0x03,0x00,0xDD,0x13,0xBD,0x8181,0x8181,0x40
927,1,0x00,0x03,0x00,0xDD,0x13,0xBD,0x8181,0x8181,0xA9
928,1,0x00,0x03,0x00,0xA9,0x90,0xBD,0x8182,0x8182,0xA9
929,1,0x00,0x03,0x00,0xA9,0x90,0xBD,0x8182,0x8182,0x00
930,1,0x00,0x03,0x00,0xA9,0x12,0xBD,0x8183,0x8183,0x00
931,1,0x00,0x03,0x00,0xA9,0x12,0xBD,0x8183,0x8183,0x8D
932,1,0x00,0x03,0x00,0x8D,0x12,0xBD,0x8184,0x8184,0x8D
933,1,0x00,0x03,0x00,0x8D,0x12,0xBD,0x8184,0x8184,0x08
934,1,0x00,0x03,0x00,0x8D,0x12,0xBD,0x8185,0x8185,0x08
935,1,0x00,0x03,0x00,0x8D,0x12,0xBD,0x8185,0x8185,0x50
936,0,0x00,0x03,0x00,0x8D,0x12,0xBD,0x8186,0x5008,0x50
937,0,0x00,0x03,0x00,0x8D,0x12,0xBD,0x8186,0x5008,0x00
938,1,0x00,0x03,0x00,0x8D,0x12,0xBD,0x8186,0x8186,0x50
939,1,0x00,0x03,0x00,0x8D,0x12,0xBD,0x8186,0x8186,0xA2
940,1,0x00,0x03,0x00,0xA2,0x12,0xBD,0x8187,0x8187,0xA2
941,1,0x00,0x03,0x00,0xA2,0x12,0xBD,0x8187,0x8187,0x00
942,1,0x00,0x00,0x00,0xA2,0x12,0xBD,0x8188,0x8188,0x00
943,1,0x00,0x00,0x00,0xA2,0x12,0xBD,0x8188,0x8188,0xA0
944,1,0x00,0x00,0x00,0xA0,0x12,0xBD,0x8189,0x8189,0xA0
945,1,0x00,0x00,0x00,0xA0,0x12,0xBD,0x8189,0x8189,0x03
946,1,0x00,0x00,0x03,0xA0,0x10,0xBD,0x818A,0x818A,0x03
947,1,0x00,0x00,0x03,0xA0,0x10,0xBD,0x818A,0x818A,0xA9
948,1,0x00,0x00,0x03,0xA9,0x10,0xBD,0x818B,0x818B,0xA9
949,1,0x00,0x00,0x03,0xA9,0x10,0xBD,0x818B,0x818B,0x00
950,1,0x00,0x00,0x03,0xA9,0x12,0xBD,0x818C,0x818C,0x00
951,1,0x00,0x00,0x03,0xA9,0x12,0xBD,0x818C,0x818C,0x8D
952,1,0x00,0x00,0x03,0x8D,0x12,0xBD,0x818D,0x818D,0x8D
953,1,0x00,0x00,0x03,0x8D,0x12,0xBD,0x818D,0x818D,0x08
954,1,0x00,0x00,0x03,0x8D,0x12,0xBD,0x818E,0x818E,0x08
955,1,0x00,0x00,0x03,0x8D,0x12,0xBD,0x818E,0x818E,0x50
956,0,0x00,0x00,0x03,0x8D,0x12,0xBD,0x818F,0x5008,0x50
957,0,0x00,0x00,0x03,0x8D,0x12,0xBD,0x818F,0x5008,0x00
958,1,0x00,0x00,0x03,0x8D,0x12,0xBD,0x818F,0x818F,0x50
959,1,0x00,0x00,0x03,0x8D,0x12,0xBD,0x818F,0x818F,0xA9
960,1,0x00,0x00,0x03,0xA9,0x12,0xBD,0x8190,0x8190,0xA9
961,1,0x00,0x00,0x03,0xA9,0x12,0xBD,0x8190,0x8190,0x00
962,1,0x00,0x00,0x03,0xA9,0x12,0xBD,0x8191,0x8191,0x00
963,1,0x00,0x00,0x03,0xA9,0x12,0xBD,0x8191,0x8191,0xD9
964,1,0x00,0x00,0x03,0xD9,0x12,0xBD,0x8192,0x8192,0xD9
965,1,0x00,0x00,0x03,0xD9,0x12,0xBD,0x8192,0x8192,0x05
966,1,0x00,0x00,0x03,0xD9,0x12,0xBD,0x8193,0x8193,0x05
967,1,0x00,0x00,0x03,0xD9,0x12,0xBD,0x8193,0x8193,0x50
968,1,0x00,0x00,0x03,0xD9,0x12,0xBD,0x8194,0x5008,0x50
969,1,0x00,0x00,0x03,0xD9,0x12,0xBD,0x8194,0x5008,0x00
970,1,0x00,0x00,0x03,0xD9,0x12,0xBD,0x8194,0x8194,0x00
971,1,0x00,0x00,0x03,0xD9,0x12,0xBD,0x8194,0x8194,0xA9
972,1,0x00,0x00,0x03,0xA9,0x13,0xBD,0x8195,0x8195,0xA9
973,1,0x00,0x00,0x03,0xA9,0x13,0xBD,0x8195,0x8195,0x80
974,1,0x80,0x00,0x03,0xA9,0x91,0xBD,0x8196,0x8196,0x80
975,1,0x80,0x00,0x03,0xA9,0x91,0xBD,0x8196,0x8196,0xD9
976,1,0x80,0x00,0x03,0xD9,0x91,0xBD,0x8197,0x8197,0xD9
977,1,0x80,0x00,0x03,0xD9,0x91,0xBD,0x8197,0x8197,0x05
978,1,0x80,0x00,0x03,0xD9,0x91,0xBD,0x8198,0x8198,0x05
979,1,0x80,0x00,0x03,0xD9,0x91,0xBD,0x8198,0x8198,0x50
980,1,0x80,0x00,0x03,0xD9,0x91,0xBD,0x8199,0x5008,0x50
981,1,0x80,0x00,0x03,0xD9,0x91,0xBD,0x8199,0x5008,0x00
982,1,0x80,0x00,0x03,0xD9,0x91,0xBD,0x8199,0x8199,0x00
983,1,0x80,0x00,0x03,0xD9,0x91,0xBD,0x8199,0x8199,0xA9
984,1,0x80,0x00,0x03,0xA9,0x91,0xBD,0x819A,0x819A,0xA9
985,1,0x80,0x00,0x03,0xA9,0x91,0xBD,0x819A,0x819A,0x80
986,1,0x80,0x00,0x03,0xA9,0x91,0xBD,0x819B,0x819B,0x80
987,1,0x80,0x00,0x03,0xA9,0x91,0xBD,0x819B,0x819B,0x8D
988,1,0x80,0x00,0x03,0x8D,0x91,0xBD,0x819C,0x819C,0x8D
989,1,0x80,0x00,0x03,0x8D,0x91,0xBD,0x819C,0x819C,0x08
990,1,0x80,0x00,0x03,0x8D,0x91,0xBD,0x819D,0x819D,0x08
991,1,0x80,0x00,0x03,0x8D,0x91,0xBD,0x819D,0x819D,0x50
992,0,0x80,0x00,0x03,0x8D,0x91,0xBD,0x819E,0x5008,0x50
993,0,0x80,0x00,0x03,0x8D,0x91,0xBD,0x819E,0x5008,0x80
994,1,0x80,0x00,0x03,0x8D,0x91,0xBD,0x819E,0x819E,0x50
995,1,0x80,0x00,0x03,0x8D,0x91,0xBD,0x819E,0x819E,0xA9
996,1,0x80,0x00,0x03,0xA9,0x91,0xBD,0x819F,0x819F,0xA9
997,1,0x80,0x00,0x03,0xA9,0x91,0xBD,0x819F,0x819F,0x00
998,1,0x00,0x00,0x03,0xA9,0x13,0xBD,0x81A0,0x81A0,0x00
999,1,0x00,0x00,0x03,0xA9,0x13,0xBD,0x81A0,0x81A0,0xD9
1000,1,0x00,0x00,0x03,0xD9,0x13,0xBD,0x81A1,0x81A1,0xD9
1001,1,0x00,0x00,0x03,0xD9,0x13,0xBD,0x81A1,0x81A1,0x05
1002,1,0x00,0x00,0x03,0xD9,0x13,0xBD,0x81A2,0x81A2,0x05
1003,1,0x00,0x00,0x03,0xD9,0x13,0xBD,0x81A2,0x81A2,0x50
1004,1,0x00,0x00,0x03,0xD9,0x13,0xBD,0x81A3,0x5008,0x50
1005,1,0x00,0x00,0x03,0xD9,0x13,0xBD,0x81A3,0x5008,0x80
1006,1,0x00,0x00,0x03,0xD9,0x13,0xBD,0x81A3,0x81A3,0x80
1007,1,0x00,0x00,0x03,0xD9,0x13,0xBD,0x81A3,0x81A3,0xA9
1008,1,0x00,0x00,0x03,0xA9,0x90,0xBD,0x81A4,0x81A4,0xA9
1009,1,0x00,0x00,0x03,0xA9,0x90,0xBD,0x81A4,0x81A4,0x80
1010,1,0x80,0x00,0x03,0xA9,0x90,0xBD,0x81A5,0x81A5,0x80
1011,1,0x80,0x00,0x03,0xA9,0x90,0xBD,0x81A5,0x81A5,0xD9
1012,1,0x80,0x00,0x03,0xD9,0x90,0xBD,0x81A6,0x81A6,0xD9
1013,1,0x80,0x00,0x03,0xD9,0x90,0xBD,0x81A6,0x81A6,0x05
1014,1,0x80,0x00,0x03,0xD9,0x90,0xBD,0x81A7,0x81A7,0x05
1015,1,0x80,0x00,0x03,0xD9,0x90,0xBD,0x81A7,0x81A7,0x50
1016,1,0x80,0x00,0x03,0xD9,0x90,0xBD,0x81A8,0x5008,0x50
1017,1,0x80,0x00,0x03,0xD9,0x90,0xBD,0x81A8,0x5008,0x80
1018,1,0x80,0x00,0x03,0xD9,0x90,0xBD,0x81A8,0x81A8,0x80
1019,1,0x80,0x00,0x03,0xD9,0x90,0xBD,0x81A8,0x81A8,0xA9
1020,1,0x80,0x00,0x03,0xA9,0x13,0xBD,0x81A9,0x81A9,0xA9
1021,1,0x80,0x00,0x03,0xA9,0x13,0xBD,0x81A9,0x81A9,0x00
1022,1,0x00,0x00,0x03,0xA9,0x13,0xBD,0x81AA,0x81AA,0x00
1023,1,0x00,0x00,0x03,0xA9,0x13,0xBD,0x81AA,0x81AA,0x8D
1024,1,0x00,0x00,0x03,0x8D,0x13,0xBD,0x81AB,0x81AB,0x8D
1025,1,0x00,0x00,0x03,0x8D,0x13,0xBD,0x81AB,0x81AB,0x08
1026,1,0x00,0x00,0x03,0x8D,0x13,0xBD,0x81AC,0x81AC,0x08
1027,1,0x00,0x00,0x03,0x8D,0x13,0xBD,0x81AC,0x81AC,0x50
1028,0,0x00,0x00,0x03,0x8D,0x13,0xBD,0x81AD,0x5008,0x50
1029,0,0x00,0x00,0x03,0x8D,0x13,0xBD,0x81AD,0x5008,0x00
1030,1,0x00,0x00,0x03,0x8D,0x13,0xBD,0x81AD,0x81AD,0x50
1031,1,0x00,0x00,0x03,0x8D,0x13,0xBD,0x81AD,0x81AD,0xA9
1032,1,0x00,0x00,0x03,0xA9,0x13,0xBD,0x81AE,0x81AE,0xA9
1033,1,0x00,0x00,0x03,0xA9,0x13,0xBD,0x81AE,0x81AE,0x40
1034,1,0x40,0x00,0x03,0xA9,0x11,0xBD,0x81AF,0x81AF,0x40
1035,1,0x40,0x00,0x03,0xA9,0x11,0xBD,0x81AF,0x81AF,0xD9
1036,1,0x40,0x00,0x03,0xD9,0x11,0xBD,0x81B0,0x81B0,0xD9
1037,1,0x40,0x00,0x03,0xD9,0x11,0xBD,0x81B0,0x81B0,0x05
1038,1,0x40,0x00,0x03,0xD9,0x11,0xBD,0x81B1,0x81B1,0x05
1039,1,0x40,0x00,0x03,0xD9,0x11,0xBD,0x81B1,0x81B1,0x50
1040,1,0x40,0x00,0x03,0xD9,0x11,0xBD,0x81B2,0x5008,0x50
1041,1,0x40,0x00,0x03,0xD9,0x11,0xBD,0x81B2,0x5008,0x00
1042,1,0x40,0x00,0x03,0xD9,0x11,0xBD,0x81B2,0x81B2,0x00
1043,1,0x40,0x00,0x03,0xD9,0x11,0xBD,0x81B2,0x81B2,0xA9
1044,1,0x40,0x00,0x03,0xA9,0x11,0xBD,0x81B3,0x81B3,0xA9
1045,1,0x40,0x00,0x03,0xA9,0x11,0xBD,0x81B3,0x81B3,0x40
1046,1,0x40,0x00,0x03,0xA9,0x11,0xBD,0x81B4,0x81B4,0x40
1047,1,0x40,0x00,0x03,0xA9,0x11,0xBD,0x81B4,0x81B4,0x8D
1048,1,0x40,0x00,0x03,0x8D,0x11,0xBD,0x81B5,0x81B5,0x8D
1049,1,0x40,0x00,0x03,0x8D,0x11,0xBD,0x81B5,0x81B5,0x08
1050,1,0x40,0x00,0x03,0x8D,0x11,0xBD,0x81B6,0x81B6,0x08
1051,1,0x40,0x00,0x03,0x8D,0x11,0xBD,0x81B6,0x81B6,0x50
1052,0,0x40,0x00,0x03,0x8D,0x11,0xBD,0x81B7,0x5008,0x50
1053,0,0x40,0x00,0x03,0x8D,0x11,0xBD,0x81B7,0x5008,0x40
1054,1,0x40,0x00,0x03,0x8D,0x11,0xBD,0x81B7,0x81B7,0x50
1055,1,0x40,0x00,0x03,0x8D,0x11,0xBD,0x81B7,0x81B7,0xA9
1056,1,0x40,0x00,0x03,0xA9,0x11,0xBD,0x81B8,0x81B8,0xA9
1057,1,0x40,0x00,0x03,0xA9,0x11,0xBD,0x81B8,0x81B8,0x00
1058,1,0x00,0x00,0x03,0xA9,0x13,0xBD,0x81B9,0x81B9,0x00
1059,1,0x00,0x00,0x03,0xA9,0x13,0xBD,0x81B9,0x81B9,0xD9
1060,1,0x00,0x00,0x03,0xD9,0x13,0xBD,0x81BA,0x81BA,0xD9
1061,1,0x00,0x00,0x03,0xD9,0x13,0xBD,0x81BA,0x81BA,0x05
1062,1,0x00,0x00,0x03,0xD9,0x13,0xBD,0x81BB,0x81BB,0x05
1063,1,0x00,0x00,0x03,0xD9,0x13,0xBD,0x81BB,0x81BB,0x50
1064,1,0x00,0x00,0x03,0xD9,0x13,0xBD,0x81BC,0x5008,0x50
1065,1,0x00,0x00,0x03,0xD9,0x13,0xBD,0x81BC,0x5008,0x40
1066,1,0x00,0x00,0x03,0xD9,0x13,0xBD,0x81BC,0x81BC,0x40
1067,1,0x00,0x00,0x03,0xD9,0x13,0xBD,0x81BC,0x81BC,0xA9
1068,1,0x00,0x00,0x03,0xA9,0x90,0xBD,0x81BD,0x81BD,0xA9
1069,1,0x00,0x00,0x03,0xA9,0x90,0xBD,0x81BD,0x81BD,0x00
1070,1,0x00,0x00,0x03,0xA9,0x12,0xBD,0x81BE,0x81BE,0x00
1071,1,0x00,0x00,0x03,0xA9,0x12,0xBD,0x81BE,0x81BE,0x8D
1072,1,0x00,0x00,0x03,0x8D,0x12,0xBD,0x81BF,0x81BF,0x8D
1073,1,0x00,0x00,0x03,0x8D,0x12,0xBD,0x81BF,0x81BF,0x08
1074,1,0x00,0x00,0x03,0x8D,0x12,0xBD,0x81C0,0x81C0,0x08
1075,1,0x00,0x00,0x03,0x8D,0x12,0xBD,0x81C0,0x81C0,0x50
1076,0,0x00,0x00,0x03,0x8D,0x12,0xBD,0x81C1,0x5008,0x50
1077,0,0x00,0x00,0x03,0x8D,0x12,0xBD,0x81C1,0x5008,0x00
1078,1,0x00,0x00,0x03,0x8D,0x12,0xBD,0x81C1,0x81C1,0x50
1079,1,0x00,0x00,0x03,0x8D,0x12,0xBD,0x81C1,0x81C1,0xA0
1080,1,0x00,0x00,0x03,0xA0,0x12,0xBD,0x81C2,0x81C2,0xA0
1081,1,0x00,0x00,0x03,0xA0,0x12,0xBD,0x81C2,0x81C2,0x00
1082,1,0x00,0x00,0x00,0xA0,0x12,0xBD,0x81C3,0x81C3,0x00
1083,1,0x00,0x00,0x00,0xA0,0x12,0xBD,0x81C3,0x81C3,0xA9
1084,1,0x00,0x00,0x00,0xA9,0x12,0xBD,0x81C4,0x81C4,0xA9
1085,1,0x00,0x00,0x00,0xA9,0x12,0xBD,0x81C4,0x81C4,0x05
1086,1,0x05,0x00,0x00,0xA9,0x10,0xBD,0x81C5,0x81C5,0x05
1087,1,0x05,0x00,0x00,0xA9,0x10,0xBD,0x81C5,0x81C5,0x85
1088,1,0x05,0x00,0x00,0x85,0x10,0xBD,0x81C6,0x81C6,0x85
1089,1,0x05,0x00,0x00,0x85,0x10,0xBD,0x81C6,0x81C6,0x08
1090,0,0x05,0x00,0x00,0x85,0x10,0xBD,0x81C7,0x0008,0x08
1091,0,0x05,0x00,0x00,0x85,0x10,0xBD,0x81C7,0x0008,0x05
1092,1,0x05,0x00,0x00,0x85,0x10,0xBD,0x81C7,0x81C7,0x08
1093,1,0x05,0x00,0x00,0x85,0x10,0xBD,0x81C7,0x81C7,0xA9
1094,1,0x05,0x00,0x00,0xA9,0x10,0xBD,0x81C8,0x81C8,0xA9
1095,1,0x05,0x00,0x00,0xA9,0x10,0xBD,0x81C8,0x81C8,0x50
1096,1,0x50,0x00,0x00,0xA9,0x10,0xBD,0x81C9,0x81C9,0x50
1097,1,0x50,0x00,0x00,0xA9,0x10,0xBD,0x81C9,0x81C9,0x85
1098,1,0x50,0x00,0x00,0x85,0x10,0xBD,0x81CA,0x81CA,0x85
1099,1,0x50,0x00,0x00,0x85,0x10,0xBD,0x81CA,0x81CA,0x09
1100,0,0x50,0x00,0x00,0x85,0x10,0xBD,0x81CB,0x0009,0x09
1101,0,0x50,0x00,0x00,0x85,0x10,0xBD,0x81CB,0x0009,0x50
1102,1,0x50,0x00,0x00,0x85,0x10,0xBD,0x81CB,0x81CB,0x09
1103,1,0x50,0x00,0x00,0x85,0x10,0xBD,0x81CB,0x81CB,0xA2
1104,1,0x50,0x00,0x00,0xA2,0x10,0xBD,0x81CC,0x81CC,0xA2
1105,1,0x50,0x00,0x00,0xA2,0x10,0xBD,0x81CC,0x81CC,0x03
1106,1,0x50,0x03,0x00,0xA2,0x10,0xBD,0x81CD,0x81CD,0x03
1107,1,0x50,0x03,0x00,0xA2,0x10,0xBD,0x81CD,0x81CD,0xA9
1108,1,0x50,0x03,0x00,0xA9,0x10,0xBD,0x81CE,0x81CE,0xA9
1109,1,0x50,0x03,0x00,0xA9,0x10,0xBD,0x81CE,0x81CE,0x00
1110,1,0x00,0x03,0x00,0xA9,0x12,0xBD,0x81CF,0x81CF,0x00
1111,1,0x00,0x03,0x00,0xA9,0x12,0xBD,0x81CF,0x81CF,0x8D
1112,1,0x00,0x03,0x00,0x8D,0x12,0xBD,0x81D0,0x81D0,0x8D
1113,1,0x00,0x03,0x00,0x8D,0x12,0xBD,0x81D0,0x81D0,0x05
1114,1,0x00,0x03,0x00,0x8D,0x12,0xBD,0x81D1,0x81D1,0x05
1115,1,0x00,0x03,0x00,0x8D,0x12,0xBD,0x81D1,0x81D1,0x50
1116,0,0x00,0x03,0x00,0x8D,0x12,0xBD,0x81D2,0x5005,0x50
1117,0,0x00,0x03,0x00,0x8D,0x12,0xBD,0x81D2,0x5005,0x00
1118,1,0x00,0x03,0x00,0x8D,0x12,0xBD,0x81D2,0x81D2,0x50
1119,1,0x00,0x03,0x00,0x8D,0x12,0xBD,0x81D2,0x81D2,0xA9
1120,1,0x00,0x03,0x00,0xA9,0x12,0xBD,0x81D3,0x81D3,0xA9
1121,1,0x00,0x03,0x00,0xA9,0x12,0xBD,0x81D3,0x81D3,0x00
1122,1,0x00,0x03,0x00,0xA9,0x12,0xBD,0x81D4,0x81D4,0x00
1123,1,0x00,0x03,0x00,0xA9,0x12,0xBD,0x81D4,0x81D4,0xC1
1124,1,0x00,0x03,0x00,0xC1,0x12,0xBD,0x81D5,0x81D5,0xC1
1125,1,0x00,0x03,0x00,0xC1,0x12,0xBD,0x81D5,0x81D5,0x05
1126,1,0x00,0x03,0x00,0xC1,0x12,0xBD,0x81D6,0x0005,0x05
1127,1,0x00,0x03,0x00,0xC1,0x12,0xBD,0x81D6,0x0005,0x00
1128,1,0x00,0x03,0x00,0xC1,0x12,0xBD,0x81D6,0x0008,0x00
1129,1,0x00,0x03,0x00,0xC1,0x12,0xBD,0x81D6,0x0008,0x05
1130,1,0x00,0x03,0x00,0xC1,0x12,0xBD,0x81D6,0x0009,0x05
1131,1,0x00,0x03,0x00,0xC1,0x12,0xBD,0x81D6,0x0009,0x50
1132,1,0x00,0x03,0x00,0xC1,0x12,0xBD,0x81D6,0x5005,0x50
1133,1,0x00,0x03,0x00,0xC1,0x12,0xBD,0x81D6,0x5005,0x00
1134,1,0x00,0x03,0x00,0xC1,0x12,0xBD,0x81D6,0x81D6,0x00
1135,1,0x00,0x03,0x00,0xC1,0x12,0xBD,0x81D6,0x81D6,0xA9
1136,1,0x00,0x03,0x00,0xA9,0x13,0xBD,0x81D7,0x81D7,0xA9
1137,1,0x00,0x03,0x00,0xA9,0x13,0xBD,0x81D7,0x81D7,0x80
1138,1,0x80,0x03,0x00,0xA9,0x91,0xBD,0x81D8,0x81D8,0x80
1139,1,0x80,0x03,0x00,0xA9,0x91,0xBD,0x81D8,0x81D8,0xC1
1140,1,0x80,0x03,0x00,0xC1,0x91,0xBD,0x81D9,0x81D9,0xC1
1141,1,0x80,0x03,0x00,0xC1,0x91,0xBD,0x81D9,0x81D9,0x05
1142,1,0x80,0x03,0x00,0xC1,0x91,0xBD,0x81DA,0x0005,0x05
1143,1,0x80,0x03,0x00,0xC1,0x91,0xBD,0x81DA,0x0005,0x00
1144,1,0x80,0x03,0x00,0xC1,0x91,0xBD,0x81DA,0x0008,0x00
1145,1,0x80,0x03,0x00,0xC1,0x91,0xBD,0x81DA,0x0008,0x05
1146,1,0x80,0x03,0x00,0xC1,0x91,0xBD,0x81DA,0x0009,0x05
1147,1,0x80,0x03,0x00,0xC1,0x91,0xBD,0x81DA,0x0009,0x50
1148,1,0x80,0x03,0x00,0xC1,0x91,0xBD,0x81DA,0x5005,0x50
1149,1,0x80,0x03,0x00,0xC1,0x91,0xBD,0x81DA,0x5005,0x00
1150,1,0x80,0x03,0x00,0xC1,0x91,0xBD,0x81DA,0x81DA,0x00
1151,1,0x80,0x03,0x00,0xC1,0x91,0xBD,0x81DA,0x81DA,0xA9
1152,1,0x80,0x03,0x00,0xA9,0x91,0xBD,0x81DB,0x81DB,0xA9
1153,1,0x80,0x03,0x00,0xA9,0x91,0xBD,0x81DB,0x81DB,0x80
1154,1,0x80,0x03,0x00,0xA9,0x91,0xBD,0x81DC,0x81DC,0x80
1155,1,0x80,0x03,0x00,0xA9,0x91,0xBD,0x81DC,0x81DC,0xC1
1156,1,0x80,0x03,0x00,0xC1,0x91,0xBD,0x81DD,0x81DD,0xC1
1157,1,0x80,0x03,0x00,0xC1,0x91,0xBD,0x81DD,0x81DD,0x05
1158,1,0x80,0x03,0x00,0xC1,0x91,0xBD,0x81DE,0x0005,0x05
1159,1,0x80,0x03,0x00,0xC1,0x91,0xBD,0x81DE,0x0005,0x00
1160,1,0x80,0x03,0x00,0xC1,0x91,0xBD,0x81DE,0x0008,0x00
1161,1,0x80,0x03,0x00,0xC1,0x91,0xBD,0x81DE,0x0008,0x05
1162,1,0x80,0x03,0x00,0xC1,0x91,0xBD,0x81DE,0x0009,0x05
1163,1,0x80,0x03,0x00,0xC1,0x91,0xBD,0x81DE,0x0009,0x50
1164,1,0x80,0x03,0x00,0xC1,0x91,0xBD,0x81DE,0x5005,0x50
1165,1,0x80,0x03,0x00,0xC1,0x91,0xBD,0x81DE,0x5005,0x00
1166,1,0x80,0x03,0x00,0xC1,0x91,0xBD,0x81DE,0x81DE,0x00
1167,1,0x80,0x03,0x00,0xC1,0x91,0xBD,0x81DE,0x81DE,0xA9
1168,1,0x80,0x03,0x00,0xA9,0x91,0xBD,0x81DF,0x81DF,0xA9
1169,1,0x80,0x03,0x00,0xA9,0x91,0xBD,0x81DF,0x81DF,0x80
1170,1,0x80,0x03,0x00,0xA9,0x91,0xBD,0x81E0,0x81E0,0x80
1171,1,0x80,0x03,0x00,0xA9,0x91,0xBD,0x81E0,0x81E0,0x8D
1172,1,0x80,0x03,0x00,0x8D,0x91,0xBD,0x81E1,0x81E1,0x8D
1173,1,0x80,0x03,0x00,0x8D,0x91,0xBD,0x81E1,0x81E1,0x05
1174,1,0x80,0x03,0x00,0x8D,0x91,0xBD,0x81E2,0x81E2,0x05
1175,1,0x80,0x03,0x00,0x8D,0x91,0xBD,0x81E2,0x81E2,0x50
1176,0,0x80,0x03,0x00,0x8D,0x91,0xBD,0x81E3,0x5005,0x50
1177,0,0x80,0x03,0x00,0x8D,0x91,0xBD,0x81E3,0x5005,0x80
1178,1,0x80,0x03,0x00,0x8D,0x91,0xBD,0x81E3,0x81E3,0x50
1179,1,0x80,0x03,0x00,0x8D,0x91,0xBD,0x81E3,0x81E3,0xA9
1180,1,0x80,0x03,0x00,0xA9,0x91,0xBD,0x81E4,0x81E4,0xA9
1181,1,0x80,0x03,0x00,0xA9,0x91,0xBD,0x81E4,0x81E4,0x00
1182,1,0x00,0x03,0x00,0xA9,0x13,0xBD,0x81E5,0x81E5,0x00
1183,1,0x00,0x03,0x00,0xA9,0x13,0xBD,0x81E5,0x81E5,0xC1
1184,1,0x00,0x03,0x00,0xC1,0x13,0xBD,0x81E6,0x81E6,0xC1
1185,1,0x00,0x03,0x00,0xC1,0x13,0xBD,0x81E6,0x81E6,0x05
1186,1,0x00,0x03,0x00,0xC1,0x13,0xBD,0x81E7,0x0005,0x05
1187,1,0x00,0x03,0x00,0xC1,0x13,0xBD,0x81E7,0x0005,0x00
1188,1,0x00,0x03,0x00,0xC1,0x13,0xBD,0x81E7,0x0008,0x00
1189,1,0x00,0x03,0x00,0xC1,0x13,0xBD,0x81E7,0x0008,0x05
1190,1,0x00,0x03,0x00,0xC1,0x13,0xBD,0x81E7,0x0009,0x05
1191,1,0x00,0x03,0x00,0xC1,0x13,0xBD,0x81E7,0x0009,0x50
1192,1,0x00,0x03,0x00,0xC1,0x13,0xBD,0x81E7,0x5005,0x50
1193,1,0x00,0x03,0x00,0xC1,0x13,0xBD,0x81E7,0x5005,0x80
1194,1,0x00,0x03,0x00,0xC1,0x13,0xBD,0x81E7,0x81E7,0x80
1195,1,0x00,0x03,0x00,0xC1,0x13,0xBD,0x81E7,0x81E7,0xA9
1196,1,0x00,0x03,0x00,0xA9,0x90,0xBD,0x81E8,0x81E8,0xA9
1197,1,0x00,0x03,0x00,0xA9,0x90,0xBD,0x81E8,0x81E8,0x80
1198,1,0x80,0x03,0x00,0xA9,0x90,0xBD,0x81E9,0x81E9,0x80
1199,1,0x80,0x03,0x00,0xA9,0x90,0xBD,0x81E9,0x81E9,0xC1
1200,1,0x80,0x03,0x00,0xC1,0x90,0xBD,0x81EA,0x81EA,0xC1
1201,1,0x80,0x03,0x00,0xC1,0x90,0xBD,0x81EA,0x81EA,0x05
1202,1,0x80,0x03,0x00,0xC1,0x90,0xBD,0x81EB,0x0005,0x05
1203,1,0x80,0x03,0x00,0xC1,0x90,0xBD,0x81EB,0x0005,0x00
1204,1,0x80,0x03,0x00,0xC1,0x90,0xBD,0x81EB,0x0008,0x00
1205,1,0x80,0x03,0x00,0xC1,0x90,0xBD,0x81EB,0x0008,0x05
1206,1,0x80,0x03,0x00,0xC1,0x90,0xBD,0x81EB,0x0009,0x05
1207,1,0x80,0x03,0x00,0xC1,0x90,0xBD,0x81EB,0x0009,0x50
1208,1,0x80,0x03,0x00,0xC1,0x90,0xBD,0x81EB,0x5005,0x50
1209,1,0x80,0x03,0x00,0xC1,0x90,0xBD,0x81EB,0x5005,0x80
1210,1,0x80,0x03,0x00,0xC1,0x90,0xBD,0x81EB,0x81EB,0x80
1211,1,0x80,0x03,0x00,0xC1,0x90,0xBD,0x81EB,0x81EB,0xA9
1212,1,0x80,0x03,0x00,0xA9,0x13,0xBD,0x81EC,0x81EC,0xA9
1213,1,0x80,0x03,0x00,0xA9,0x13,0xBD,0x81EC,0x81EC,0x00
1214,1,0x00,0x03,0x00,0xA9,0x13,0xBD,0x81ED,0x81ED,0x00
1215,1,0x00,0x03,0x00,0xA9,0x13,0xBD,0x81ED,0x81ED,0x8D
1216,1,0x00,0x03,0x00,0x8D,0x13,0xBD,0x81EE,0x81EE,0x8D
1217,1,0x00,0x03,0x00,0x8D,0x13,0xBD,0x81EE,0x81EE,0x05
1218,1,0x00,0x03,0x00,0x8D,0x13,0xBD,0x81EF,0x81EF,0x05
1219,1,0x00,0x03,0x00,0x8D,0x13,0xBD,0x81EF,0x81EF,0x50
1220,0,0x00,0x03,0x00,0x8D,0x13,0xBD,0x81F0,0x5005,0x50
1221,0,0x00,0x03,0x00,0x8D,0x13,0xBD,0x81F0,0x5005,0x00
1222,1,0x00,0x03,0x00,0x8D,0x13,0xBD,0x81F0,0x81F0,0x50
1223,1,0x00,0x03,0x00,0x8D,0x13,0xBD,0x81F0,0x81F0,0xA9
1224,1,0x00,0x03,0x00,0xA9,0x13,0xBD,0x81F1,0x81F1,0xA9
1225,1,0x00,0x03,0x00,0xA9,0x13,0xBD,0x81F1,0x81F1,0x40
1226,1,0x40,0x03,0x00,0xA9,0x11,0xBD,0x81F2,0x81F2,0x40
1227,1,0x40,0x03,0x00,0xA9,0x11,0xBD,0x81F2,0x81F2,0xC1
1228,1,0x40,0x03,0x00,0xC1,0x11,0xBD,0x81F3,0x81F3,0xC1
1229,1,0x40,0x03,0x00,0xC1,0x11,0xBD,0x81F3,0x81F3,0x05
1230,1,0x40,0x03,0x00,0xC1,0x11,0xBD,0x81F4,0x0005,0x05
1231,1,0x40,0x03,0x00,0xC1,0x11,0xBD,0x81F4,0x0005,0x00
1232,1,0x40,0x03,0x00,0xC1,0x11,0xBD,0x81F4,0x0008,0x00
1233,1,0x40,0x03,0x00,0xC1,0x11,0xBD,0x81F4,0x0008,0x05
1234,1,0x40,0x03,0x00,0xC1,0x11,0xBD,0x81F4,0x0009,0x05
1235,1,0x40,0x03,0x00,0xC1,0x11,0xBD,0x81F4,0x0009,0x50
1236,1,0x40,0x03,0x00,0xC1,0x11,0xBD,0x81F4,0x5005,0x50
1237,1,0x40,0x03,0x00,0xC1,0x11,0xBD,0x81F4,0x5005,0x00
1238,1,0x40,0x03,0x00,0xC1,0x11,0xBD,0x81F4,0x81F4,0x00
1239,1,0x40,0x03,0x00,0xC1,0x11,0xBD,0x81F4,0x81F4,0xA9
1240,1,0x40,0x03,0x00,0xA9,0x11,0xBD,0x81F5,0x81F5,0xA9
1241,1,0x40,0x03,0x00,0xA9,0x11,0xBD,0x81F5,0x81F5,0x40
1242,1,0x40,0x03,0x00,0xA9,0x11,0xBD,0x81F6,0x81F6,0x40
1243,1,0x40,0x03,0x00,0xA9,0x11,0xBD,0x81F6,0x81F6,0x8D
1244,1,0x40,0x03,0x00,0x8D,0x11,0xBD,0x81F7,0x81F7,0x8D
1245,1,0x40,0x03,0x00,0x8D,0x11,0xBD,0x81F7,0x81F7,0x05
1246,1,0x40,0x03,0x00,0x8D,0x11,0xBD,0x81F8,0x81F8,0x05
1247,1,0x40,0x03,0x00,0x8D,0x11,0xBD,0x81F8,0x81F8,0x50
1248,0,0x40,0x03,0x00,0x8D,0x11,0xBD,0x81F9,0x5005,0x50
1249,0,0x40,0x03,0x00,0x8D,0x11,0xBD,0x81F9,0x5005,0x40
1250,1,0x40,0x03,0x00,0x8D,0x11,0xBD,0x81F9,0x81F9,0x50
1251,1,0x40,0x03,0x00,0x8D,0x11,0xBD,0x81F9,0x81F9,0xA9
1252,1,0x40,0x03,0x00,0xA9,0x11,0xBD,0x81FA,0x81FA,0xA9
1253,1,0x40,0x03,0x00,0xA9,0x11,0xBD,0x81FA,0x81FA,0x00
1254,1,0x00,0x03,0x00,0xA9,0x13,0xBD,0x81FB,0x81FB,0x00
1255,1,0x00,0x03,0x00,0xA9,0x13,0xBD,0x81FB,0x81FB,0xC1
1256,1,0x00,0x03,0x00,0xC1,0x13,0xBD,0x81FC,0x81FC,0xC1
1257,1,0x00,0x03,0x00,0xC1,0x13,0xBD,0x81FC,0x81FC,0x05
1258,1,0x00,0x03,0x00,0xC1,0x13,0xBD,0x81FD,0x0005,0x05
1259,1,0x00,0x03,0x00,0xC1,0x13,0xBD,0x81FD,0x0005,0x00
1260,1,0x00,0x03,0x00,0xC1,0x13,0xBD,0x81FD,0x0008,0x00
1261,1,0x00,0x03,0x00,0xC1,0x13,0xBD,0x81FD,0x0008,0x05
1262,1,0x00,0x03,0x00,0xC1,0x13,0xBD,0x81FD,0x0009,0x05
1263,1,0x00,0x03,0x00,0xC1,0x13,0xBD,0x81FD,0x0009,0x50
1264,1,0x00,0x03,0x00,0xC1,0x13,0xBD,0x81FD,0x5005,0x50
1265,1,0x00,0x03,0x00,0xC1,0x13,0xBD,0x81FD,0x5005,0x40
1266,1,0x00,0x03,0x00,0xC1,0x13,0xBD,0x81FD,0x81FD,0x40
1267,1,0x00,0x03,0x00,0xC1,0x13,0xBD,0x81FD,0x81FD,0xA9
1268,1,0x00,0x03,0x00,0xA9,0x90,0xBD,0x81FE,0x81FE,0xA9
1269,1,0x00,0x03,0x00,0xA9,0x90,0xBD,0x81FE,0x81FE,0x00
1270,1,0x00,0x03,0x00,0xA9,0x12,0xBD,0x81FF,0x81FF,0x00
1271,1,0x00,0x03,0x00,0xA9,0x12,0xBD,0x81FF,0x81FF,0x8D
1272,1,0x00,0x03,0x00,0x8D,0x12,0xBD,0x8200,0x8200,0x8D
1273,1,0x00,0x03,0x00,0x8D,0x12,0xBD,0x8200,0x8200,0x05
1274,1,0x00,0x03,0x00,0x8D,0x12,0xBD,0x8201,0x8201,0x05
1275,1,0x00,0x03,0x00,0x8D,0x12,0xBD,0x8201,0x8201,0x50
1276,0,0x00,0x03,0x00,0x8D,0x12,0xBD,0x8202,0x5005,0x50
1277,0,0x00,0x03,0x00,0x8D,0x12,0xBD,0x8202,0x5005,0x00
1278,1,0x00,0x03,0x00,0x8D,0x12,0xBD,0x8202,0x8202,0x50
1279,1,0x00,0x03,0x00,0x8D,0x12,0xBD,0x8202,0x8202,0xA2
1280,1,0x00,0x03,0x00,0xA2,0x12,0xBD,0x8203,0x8203,0xA2
1281,1,0x00,0x03,0x00,0xA2,0x12,0xBD,0x8203,0x8203,0x00
1282,1,0x00,0x00,0x00,0xA2,0x12,0xBD,0x8204,0x8204,0x00
1283,1,0x00,0x00,0x00,0xA2,0x12,0xBD,0x8204,0x8204,0xA9
1284,1,0x00,0x00,0x00,0xA9,0x12,0xBD,0x8205,0x8205,0xA9
1285,1,0x00,0x00,0x00,0xA9,0x12,0xBD,0x8205,0x8205,0x05
1286,1,0x05,0x00,0x00,0xA9,0x10,0xBD,0x8206,0x8206,0x05
1287,1,0x05,0x00,0x00,0xA9,0x10,0xBD,0x8206,0x8206,0x85
1288,1,0x05,0x00,0x00,0x85,0x10,0xBD,0x8207,0x8207,0x85
1289,1,0x05,0x00,0x00,0x85,0x10,0xBD,0x8207,0x8207,0x05
1290,0,0x05,0x00,0x00,0x85,0x10,0xBD,0x8208,0x0005,0x05
1291,0,0x05,0x00,0x00,0x85,0x10,0xBD,0x8208,0x0005,0x05
1292,1,0x05,0x00,0x00,0x85,0x10,0xBD,0x8208,0x8208,0x05
1293,1,0x05,0x00,0x00,0x85,0x10,0xBD,0x8208,0x8208,0xA9
1294,1,0x05,0x00,0x00,0xA9,0x10,0xBD,0x8209,0x8209,0xA9
1295,1,0x05,0x00,0x00,0xA9,0x10,0xBD,0x8209,0x8209,0x50
1296,1,0x50,0x00,0x00,0xA9,0x10,0xBD,0x820A,0x820A,0x50
1297,1,0x50,0x00,0x00,0xA9,0x10,0xBD,0x820A,0x820A,0x85
1298,1,0x50,0x00,0x00,0x85,0x10,0xBD,0x820B,0x820B,0x85
1299,1,0x50,0x00,0x00,0x85,0x10,0xBD,0x820B,0x820B,0x06
1300,0,0x50,0x00,0x00,0x85,0x10,0xBD,0x820C,0x0006,0x06
1301,0,0x50,0x00,0x00,0x85,0x10,0xBD,0x820C,0x0006,0x50
1302,1,0x50,0x00,0x00,0x85,0x10,0xBD,0x820C,0x820C,0x06
1303,1,0x50,0x00,0x00,0x85,0x10,0xBD,0x820C,0x820C,0xA0
1304,1,0x50,0x00,0x00,0xA0,0x10,0xBD,0x820D,0x820D,0xA0
1305,1,0x50,0x00,0x00,0xA0,0x10,0xBD,0x820D,0x820D,0x03
1306,1,0x50,0x00,0x03,0xA0,0x10,0xBD,0x820E,0x820E,0x03
1307,1,0x50,0x00,0x03,0xA0,0x10,0xBD,0x820E,0x820E,0xA9
1308,1,0x50,0x00,0x03,0xA9,0x10,0xBD,0x820F,0x820F,0xA9
1309,1,0x50,0x00,0x03,0xA9,0x10,0xBD,0x820F,0x820F,0x00
1310,1,0x00,0x00,0x03,0xA9,0x12,0xBD,0x8210,0x8210,0x00
1311,1,0x00,0x00,0x03,0xA9,0x12,0xBD,0x8210,0x8210,0x8D
1312,1,0x00,0x00,0x03,0x8D,0x12,0xBD,0x8211,0x8211,0x8D
1313,1,0x00,0x00,0x03,0x8D,0x12,0xBD,0x8211,0x8211,0x08
1314,1,0x00,0x00,0x03,0x8D,0x12,0xBD,0x8212,0x8212,0x08
1315,1,0x00,0x00,0x03,0x8D,0x12,0xBD,0x8212,0x8212,0x50
1316,0,0x00,0x00,0x03,0x8D,0x12,0xBD,0x8213,0x5008,0x50
1317,0,0x00,0x00,0x03,0x8D,0x12,0xBD,0x8213,0x5008,0x00
1318,1,0x00,0x00,0x03,0x8D,0x12,0xBD,0x8213,0x8213,0x50
1319,1,0x00,0x00,0x03,0x8D,0x12,0xBD,0x8213,0x8213,0xA9
1320,1,0x00,0x00,0x03,0xA9,0x12,0xBD,0x8214,0x8214,0xA9
1321,1,0x00,0x00,0x03,0xA9,0x12,0xBD,0x8214,0x8214,0x00
1322,1,0x00,0x00,0x03,0xA9,0x12,0xBD,0x8215,0x8215,0x00
1323,1,0x00,0x00,0x03,0xA9,0x12,0xBD,0x8215,0x8215,0xC1
1324,1,0x00,0x00,0x03,0xC1,0x12,0xBD,0x8216,0x8216,0xC1
1325,1,0x00,0x00,0x03,0xC1,0x12,0xBD,0x8216,0x8216,0x05
1326,1,0x00,0x00,0x03,0xC1,0x12,0xBD,0x8217,0x0005,0x05
1327,1,0x00,0x00,0x03,0xC1,0x12,0xBD,0x8217,0x0005,0x05
1328,1,0x00,0x00,0x03,0xC1,0x12,0xBD,0x8217,0x0005,0x05
1329,1,0x00,0x00,0x03,0xC1,0x12,0xBD,0x8217,0x0005,0x05
1330,1,0x00,0x00,0x03,0xC1,0x12,0xBD,0x8217,0x0006,0x05
1331,1,0x00,0x00,0x03,0xC1,0x12,0xBD,0x8217,0x0006,0x50
1332,1,0x00,0x00,0x03,0xC1,0x12,0xBD,0x8217,0x5005,0x50
1333,1,0x00,0x00,0x03,0xC1,0x12,0xBD,0x8217,0x5005,0x00
1334,1,0x00,0x00,0x03,0xC1,0x12,0xBD,0x8217,0x8217,0x00
1335,1,0x00,0x00,0x03,0xC1,0x12,0xBD,0x8217,0x8217,0xA9
1336,1,0x00,0x00,0x03,0xA9,0x13,0xBD,0x8218,0x8218,0xA9
1337,1,0x00,0x00,0x03,0xA9,0x13,0xBD,0x8218,0x8218,0x80
1338,1,0x80,0x00,0x03,0xA9,0x91,0xBD,0x8219,0x8219,0x80
1339,1,0x80,0x00,0x03,0xA9,0x91,0xBD,0x8219,0x8219,0xC1
1340,1,0x80,0x00,0x03,0xC1,0x91,0xBD,0x821A,0x821A,0xC1
1341,1,0x80,0x00,0x03,0xC1,0x91,0xBD,0x821A,0x821A,0x05
1342,1,0x80,0x00,0x03,0xC1,0x91,0xBD,0x821B,0x0005,0x05
1343,1,0x80,0x00,0x03,0xC1,0x91,0xBD,0x821B,0x0005,0x05
1344,1,0x80,0x00,0x03,0xC1,0x91,0xBD,0x821B,0x0005,0x05
1345,1,0x80,0x00,0x03,0xC1,0x91,0xBD,0x821B,0x0005,0x05
1346,1,0x80,0x00,0x03,0xC1,0x91,0xBD,0x821B,0x0006,0x05
1347,1,0x80,0x00,0x03,0xC1,0x91,0xBD,0x821B,0x0006,0x50
1348,1,0x80,0x00,0x03,0xC1,0x91,0xBD,0x821B,0x5005,0x50
1349,1,0x80,0x00,0x03,0xC1,0x91,0xBD,0x821B,0x5005,0x00
1350,1,0x80,0x00,0x03,0xC1,0x91,0xBD,0x821B,0x821B,0x00
1351,1,0x80,0x00,0x03,0xC1,0x91,0xBD,0x821B,0x821B,0xA9
1352,1,0x80,0x00,0x03,0xA9,0x91,0xBD,0x821C,0x821C,0xA9
1353,1,0x80,0x00,0x03,0xA9,0x91,0xBD,0x821C,0x821C,0x80
1354,1,0x80,0x00,0x03,0xA9,0x91,0xBD,0x821D,0x821D,0x80
1355,1,0x80,0x00,0x03,0xA9,0x91,0xBD,0x821D,0x821D,0xC1
1356,1,0x80,0x00,0x03,0xC1,0x91,0xBD,0x821E,0x821E,0xC1
1357,1,0x80,0x00,0x03,0xC1,0x91,0xBD,0x821E,0x821E,0x05
1358,1,0x80,0x00,0x03,0xC1,0x91,0xBD,0x821F,0x0005,0x05
1359,1,0x80,0x00,0x03,0xC1,0x91,0xBD,0x821F,0x0005,0x05
1360,1,0x80,0x00,0x03,0xC1,0x91,0xBD,0x821F,0x0005,0x05
1361,1,0x80,0x00,0x03,0xC1,0x91,0xBD,0x821F,0x0005,0x05
1362,1,0x80,0x00,0x03,0xC1,0x91,0xBD,0x821F,0x0006,0x05
1363,1,0x80,0x00,0x03,0xC1,0x91,0xBD,0x821F,0x0006,0x50
1364,1,0x80,0x00,0x03,0xC1,0x91,0xBD,0x821F,0x5005,0x50
1365,1,0x80,0x00,0x03,0xC1,0x91,0xBD,0x821F,0x5005,0x00
1366,1,0x80,0x00,0x03,0xC1,0x91,0xBD,0x821F,0x821F,0x00
1367,1,0x80,0x00,0x03,0xC1,0x91,0xBD,0x821F,0x821F,0xA9
1368,1,0x80,0x00,0x03,0xA9,0x91,0xBD,0x8220,0x8220,0xA9
1369,1,0x80,0x00,0x03,0xA9,0x91,0xBD,0x8220,0x8220,0x80
1370,1,0x80,0x00,0x03,0xA9,0x91,0xBD,0x8221,0x8221,0x80
1371,1,0x80,0x00,0x03,0xA9,0x91,0xBD,0x8221,0x8221,0x8D
1372,1,0x80,0x00,0x03,0x8D,0x91,0xBD,0x8222,0x8222,0x8D
1373,1,0x80,0x00,0x03,0x8D,0x91,0xBD,0x8222,0x8222,0x08
1374,1,0x80,0x00,0x03,0x8D,0x91,0xBD,0x8223,0x8223,0x08
1375,1,0x80,0x00,0x03,0x8D,0x91,0xBD,0x8223,0x8223,0x50
1376,0,0x80,0x00,0x03,0x8D,0x91,0xBD,0x8224,0x5008,0x50
1377,0,0x80,0x00,0x03,0x8D,0x91,0xBD,0x8224,0x5008,0x80
1378,1,0x80,0x00,0x03,0x8D,0x91,0xBD,0x8224,0x8224,0x50
1379,1,0x80,0x00,0x03,0x8D,0x91,0xBD,0x8224,0x8224,0xA9
1380,1,0x80,0x00,0x03,0xA9,0x91,0xBD,0x8225,0x8225,0xA9
1381,1,0x80,0x00,0x03,0xA9,0x91,0xBD,0x8225,0x8225,0x00
1382,1,0x00,0x00,0x03,0xA9,0x13,0xBD,0x8226,0x8226,0x00
1383,1,0x00,0x00,0x03,0xA9,0x13,0xBD,0x8226,0x8226,0xC1
1384,1,0x00,0x00,0x03,0xC1,0x13,0xBD,0x8227,0x8227,0xC1
1385,1,0x00,0x00,0x03,0xC1,0x13,0xBD,0x8227,0x8227,0x05
1386,1,0x00,0x00,0x03,0xC1,0x13,0xBD,0x8228,0x0005,0x05
1387,1,0x00,0x00,0x03,0xC1,0x13,0xBD,0x8228,0x0005,0x05
1388,1,0x00,0x00,0x03,0xC1,0x13,0xBD,0x8228,0x0005,0x05
1389,1,0x00,0x00,0x03,0xC1,0x13,0xBD,0x8228,0x0005,0x05
1390,1,0x00,0x00,0x03,0xC1,0x13,0xBD,0x8228,0x0006,0x05
1391,1,0x00,0x00,0x03,0xC1,0x13,0xBD,0x8228,0x0006,0x50
1392,1,0x00,0x00,0x03,0xC1,0x13,0xBD,0x8228,0x5005,0x50
1393,1,0x00,0x00,0x03,0xC1,0x13,0xBD,0x8228,0x5005,0x00
1394,1,0x00,0x00,0x03,0xC1,0x13,0xBD,0x8228,0x8228,0x00
1395,1,0x00,0x00,0x03,0xC1,0x13,0xBD,0x8228,0x8228,0xA9
1396,1,0x00,0x00,0x03,0xA9,0x13,0xBD,0x8229,0x8229,0xA9
1397,1,0x00,0x00,0x03,0xA9,0x13,0xBD,0x8229,0x8229,0x80
1398,1,0x80,0x00,0x03,0xA9,0x91,0xBD,0x822A,0x822A,0x80
1399,1,0x80,0x00,0x03,0xA9,0x91,0xBD,0x822A,0x822A,0xC1
1400,1,0x80,0x00,0x03,0xC1,0x91,0xBD,0x822B,0x822B,0xC1
1401,1,0x80,0x00,0x03,0xC1,0x91,0xBD,0x822B,0x822B,0x05
1402,1,0x80,0x00,0x03,0xC1,0x91,0xBD,0x822C,0x0005,0x05
1403,1,0x80,0x00,0x03,0xC1,0x91,0xBD,0x822C,0x0005,0x05
1404,1,0x80,0x00,0x03,0xC1,0x91,0xBD,0x822C,0x0005,0x05
1405,1,0x80,0x00,0x03,0xC1,0x91,0xBD,0x822C,0x0005,0x05
1406,1,0x80,0x00,0x03,0xC1,0x91,0xBD,0x822C,0x0006,0x05
1407,1,0x80,0x00,0x03,0xC1,0x91,0xBD,0x822C,0x0006,0x50
1408,1,0x80,0x00,0x03,0xC1,0x91,0xBD,0x822C,0x5005,0x50
1409,1,0x80,0x00,0x03,0xC1,0x91,0xBD,0x822C,0x5005,0x00
1410,1,0x80,0x00,0x03,0xC1,0x91,0xBD,0x822C,0x822C,0x00
1411,1,0x80,0x00,0x03,0xC1,0x91,0xBD,0x822C,0x822C,0xA9
1412,1,0x80,0x00,0x03,0xA9,0x91,0xBD,0x822D,0x822D,0xA9
1413,1,0x80,0x00,0x03,0xA9,0x91,0xBD,0x822D,0x822D,0x00
1414,1,0x00,0x00,0x03,0xA9,0x13,0xBD,0x822E,0x822E,0x00
1415,1,0x00,0x00,0x03,0xA9,0x13,0xBD,0x822E,0x822E,0x8D
1416,1,0x00,0x00,0x03,0x8D,0x13,0xBD,0x822F,0x822F,0x8D
1417,1,0x00,0x00,0x03,0x8D,0x13,0xBD,0x822F,0x822F,0x08
1418,1,0x00,0x00,0x03,0x8D,0x13,0xBD,0x8230,0x8230,0x08
1419,1,0x00,0x00,0x03,0x8D,0x13,0xBD,0x8230,0x8230,0x50
1420,0,0x00,0x00,0x03,0x8D,0x13,0xBD,0x8231,0x5008,0x50
1421,0,0x00,0x00,0x03,0x8D,0x13,0xBD,0x8231,0x5008,0x00
1422,1,0x00,0x00,0x03,0x8D,0x13,0xBD,0x8231,0x8231,0x50
1423,1,0x00,0x00,0x03,0x8D,0x13,0xBD,0x8231,0x8231,0xA9
1424,1,0x00,0x00,0x03,0xA9,0x13,0xBD,0x8232,0x8232,0xA9
1425,1,0x00,0x00,0x03,0xA9,0x13,0xBD,0x8232,0x8232,0x40
1426,1,0x40,0x00,0x03,0xA9,0x11,0xBD,0x8233,0x8233,0x40
1427,1,0x40,0x00,0x03,0xA9,0x11,0xBD,0x8233,0x8233,0xC1
1428,1,0x40,0x00,0x03,0xC1,0x11,0xBD,0x8234,0x8234,0xC1
1429,1,0x40,0x00,0x03,0xC1,0x11,0xBD,0x8234,0x8234,0x05
1430,1,0x40,0x00,0x03,0xC1,0x11,0xBD,0x8235,0x0005,0x05
1431,1,0x40,0x00,0x03,0xC1,0x11,0xBD,0x8235,0x0005,0x05
1432,1,0x40,0x00,0x03,0xC1,0x11,0xBD,0x8235,0x0005,0x05
1433,1,0x40,0x00,0x03,0xC1,0x11,0xBD,0x8235,0x0005,0x05
1434,1,0x40,0x00,0x03,0xC1,0x11,0xBD,0x8235,0x0006,0x05
1435,1,0x40,0x00,0x03,0xC1,0x11,0xBD,0x8235,0x0006,0x50
1436,1,0x40,0x00,0x03,0xC1,0x11,0xBD,0x8235,0x5005,0x50
1437,1,0x40,0x00,0x03,0xC1,0x11,0xBD,0x8235,0x5005,0x00
1438,1,0x40,0x00,0x03,0xC1,0x11,0xBD,0x8235,0x8235,0x00
1439,1,0x40,0x00,0x03,0xC1,0x11,0xBD,0x8235,0x8235,0xA9
1440,1,0x40,0x00,0x03,0xA9,0x11,0xBD,0x8236,0x8236,0xA9
1441,1,0x40,0x00,0x03,0xA9,0x11,0xBD,0x8236,0x8236,0x40
1442,1,0x40,0x00,0x03,0xA9,0x11,0xBD,0x8237,0x8237,0x40
1443,1,0x40,0x00,0x03,0xA9,0x11,0xBD,0x8237,0x8237,0x8D
1444,1,0x40,0x00,0x03,0x8D,0x11,0xBD,0x8238,0x8238,0x8D
1445,1,0x40,0x00,0x03,0x8D,0x11,0xBD,0x8238,0x8238,0x08
1446,1,0x40,0x00,0x03,0x8D,0x11,0xBD,0x8239,0x8239,0x08
1447,1,0x40,0x00,0x03,0x8D,0x11,0xBD,0x8239,0x8239,0x50
1448,0,0x40,0x00,0x03,0x8D,0x11,0xBD,0x823A,0x5008,0x50
1449,0,0x40,0x00,0x03,0x8D,0x11,0xBD,0x823A,0x5008,0x40
1450,1,0x40,0x00,0x03,0x8D,0x11,0xBD,0x823A,0x823A,0x50
1451,1,0x40,0x00,0x03,0x8D,0x11,0xBD,0x823A,0x823A,0xA9
1452,1,0x40,0x00,0x03,0xA9,0x11,0xBD,0x823B,0x823B,0xA9
1453,1,0x40,0x00,0x03,0xA9,0x11,0xBD,0x823B,0x823B,0x00
1454,1,0x00,0x00,0x03,0xA9,0x13,0xBD,0x823C,0x823C,0x00
1455,1,0x00,0x00,0x03,0xA9,0x13,0xBD,0x823C,0x823C,0xC1
1456,1,0x00,0x00,0x03,0xC1,0x13,0xBD,0x823D,0x823D,0xC1
1457,1,0x00,0x00,0x03,0xC1,0x13,0xBD,0x823D,0x823D,0x05
1458,1,0x00,0x00,0x03,0xC1,0x13,0xBD,0x823E,0x0005,0x05
1459,1,0x00,0x00,0x03,0xC1,0x13,0xBD,0x823E,0x0005,0x05
1460,1,0x00,0x00,0x03,0xC1,0x13,0xBD,0x823E,0x0005,0x05
1461,1,0x00,0x00,0x03,0xC1,0x13,0xBD,0x823E,0x0005,0x05
1462,1,0x00,0x00,0x03,0xC1,0x13,0xBD,0x823E,0x0006,0x05
1463,1,0x00,0x00,0x03,0xC1,0x13,0xBD,0x823E,0x0006,0x50
1464,1,0x00,0x00,0x03,0xC1,0x13,0xBD,0x823E,0x5005,0x50
1465,1,0x00,0x00,0x03,0xC1,0x13,0xBD,0x823E,0x5005,0x00
1466,1,0x00,0x00,0x03,0xC1,0x13,0xBD,0x823E,0x823E,0x00
1467,1,0x00,0x00,0x03,0xC1,0x13,0xBD,0x823E,0x823E,0xA9
1468,1,0x00,0x00,0x03,0xA9,0x13,0xBD,0x823F,0x823F,0xA9
1469,1,0x00,0x00,0x03,0xA9,0x13,0xBD,0x823F,0x823F,0x00
1470,1,0x00,0x00,0x03,0xA9,0x13,0xBD,0x8240,0x8240,0x00
1471,1,0x00,0x00,0x03,0xA9,0x13,0xBD,0x8240,0x8240,0x8D
1472,1,0x00,0x00,0x03,0x8D,0x13,0xBD,0x8241,0x8241,0x8D
1473,1,0x00,0x00,0x03,0x8D,0x13,0xBD,0x8241,0x8241,0x08
1474,1,0x00,0x00,0x03,0x8D,0x13,0xBD,0x8242,0x8242,0x08
1475,1,0x00,0x00,0x03,0x8D,0x13,0xBD,0x8242,0x8242,0x50
1476,0,0x00,0x00,0x03,0x8D,0x13,0xBD,0x8243,0x5008,0x50
1477,0,0x00,0x00,0x03,0x8D,0x13,0xBD,0x8243,0x5008,0x00
1478,1,0x00,0x00,0x03,0x8D,0x13,0xBD,0x8243,0x8243,0x50
1479,1,0x00,0x00,0x03,0x8D,0x13,0xBD,0x8243,0x8243,0x00
